"","Code","Mother","BirthGp","DOB","ImmigrationGp1","DateImmigration1","LastSeen1","Tenure","third_birthday","mother_present_all_3_years","mother_days_present","Momcode","mom_present_birth","found_days_birth","mother_avg_elo","ImmigBirthday1","IsPresentOnBirthday","HasConflictsAfterImmig","ConflictCountAfterImmig","elo_one_year_all","elo_one_year_male_male","elo_rating_date_one_year_all","elo_rating_date_one_year_male_male","n_conflicts_one_year_all","n_conflicts_one_year_male_male","elo_end_tenure_all","elo_end_tenure_male_male","elo_rating_date_end_tenure_all","elo_rating_date_end_tenure_male_male","n_conflicts_end_tenure_all","n_conflicts_end_tenure_male_male","immigration_birthday","days_diff_one_year_all","days_diff_one_year_male_male","days_diff_end_tenure_all","days_diff_end_tenure_male_male"
"1","afr","Asis","BD",2010-10-19,"AK",2015-06-29,2016-02-16,232,2013-10-19,TRUE,1097,"asis",TRUE,1097,NA,2016-06-28,FALSE,TRUE,1,0.303,0.098,2016-02-03,2015-10-17,7,1,0.303,0.098,2016-02-03,2015-10-17,7,1,2016-06-28,146,255,13,122
"2","mvu","Mamoobi","AK",2010-11-02,"BD",2015-06-13,2016-12-17,553,2013-11-02,TRUE,1097,"mamo",TRUE,1097,NA,2016-06-12,TRUE,TRUE,4,0.462,0,2016-03-30,2016-03-30,9,4,0.523,0.539,2016-12-14,2016-11-10,31,17,2016-06-12,74,74,3,37
"3","dub",NA,NA,NA,"NH",2010-11-08,2012-10-27,719,NA,NA,NA,NA,FALSE,0,NA,2011-11-08,TRUE,TRUE,2,1,1,2011-09-03,2010-12-17,39,2,0.807,1,2012-10-09,2012-10-09,70,26,2011-11-08,66,326,18,18
"4","mil",NA,NA,NA,"NH",2010-11-08,2011-03-30,142,NA,NA,NA,NA,FALSE,0,NA,2011-11-08,TRUE,FALSE,0,NA,NA,NA,NA,0,0,NA,NA,NA,NA,0,0,2011-11-08,NA,NA,NA,NA
"5","nap",NA,NA,NA,"NH",2010-11-08,2011-01-24,77,NA,NA,NA,NA,FALSE,0,NA,2011-11-08,FALSE,TRUE,2,0.257,0,2010-12-17,2010-12-17,3,2,0.257,0,2010-12-17,2010-12-17,3,2,2011-11-08,326,326,38,38
"6","ado",NA,NA,NA,"BD",2010-11-09,2011-02-08,91,NA,NA,NA,NA,FALSE,0,NA,2011-11-09,FALSE,TRUE,1,0.75,1,2010-12-23,2010-12-23,2,1,0.75,NA,2010-12-23,NA,2,1,2011-11-09,321,321,47,NA
"7","bab",NA,"BD",2009-01-01,"NH",2014-05-19,2016-04-19,701,2012-01-01,NA,NA,NA,FALSE,0,NA,2015-05-19,TRUE,TRUE,2,0.384,0,2014-10-31,2014-10-31,3,2,0.414,0.18,2016-04-08,2016-04-08,5,4,2015-05-19,200,200,11,11
"8","bok",NA,NA,NA,"BD",2010-11-09,2010-12-24,45,NA,NA,NA,NA,FALSE,0,NA,2011-11-09,FALSE,FALSE,0,0.607,NA,2010-12-24,NA,1,0,0.607,NA,2010-12-24,NA,1,0,2011-11-09,320,NA,0,NA
"9","lek",NA,NA,NA,"BD",2010-11-09,2012-04-23,531,NA,NA,NA,NA,FALSE,0,NA,2011-11-09,TRUE,TRUE,10,0.371,0.06,2011-08-16,2011-08-16,18,10,0.329,0.144,2012-03-22,2012-03-14,21,11,2011-11-09,85,85,32,40
"10","lsko",NA,"BD",2009-01-01,"NH",2014-05-19,2015-06-16,393,2012-01-01,NA,NA,NA,FALSE,0,NA,2015-05-19,TRUE,TRUE,3,0.363,0,2015-04-23,2015-04-23,10,3,0.363,0,2015-04-23,2015-04-23,10,3,2015-05-19,26,26,54,54
"11","pik_2010",NA,NA,NA,"BD",2010-11-09,2012-09-21,682,NA,NA,NA,NA,FALSE,0,NA,2011-11-09,TRUE,TRUE,21,0.853,1,2011-08-31,2011-08-31,48,21,0.543,0.399,2012-08-30,2012-08-30,72,41,2011-11-09,70,70,22,22
"12","sko",NA,NA,NA,"BD",2010-11-09,2010-12-07,28,NA,NA,NA,NA,FALSE,0,NA,2011-11-09,FALSE,FALSE,0,NA,NA,NA,NA,0,0,NA,NA,NA,NA,0,0,2011-11-09,NA,NA,NA,NA
"13","kie","Kaiki","BD",2010-11-23,"AK",2015-07-20,2015-12-24,157,2013-11-23,TRUE,1097,"kaik",TRUE,1097,0.105,2016-07-19,FALSE,FALSE,0,0.321,NA,2015-08-21,NA,1,0,0.321,NA,2015-08-21,NA,1,0,2016-07-19,333,NA,125,NA
"14","dwe","Dagga","BD",2010-01-01,"AK",2016-01-26,2016-03-23,57,2013-01-01,FALSE,636,"dagg",TRUE,636,NA,2017-01-25,FALSE,FALSE,0,0.281,NA,2016-01-29,NA,2,0,0.281,NA,2016-01-29,NA,2,0,2017-01-25,362,NA,54,NA
"15","wol","Wietnie","BD",2010-01-01,"AK",2015-07-20,2018-05-24,1039,2013-01-01,TRUE,1097,"wiet",TRUE,1097,NA,2016-07-19,TRUE,TRUE,3,0.765,0.743,2016-07-02,2016-07-02,6,3,0.49,0,2018-05-03,2018-05-03,37,21,2016-07-19,17,17,21,21
"16","gig",NA,NA,NA,"BD",2010-12-07,2010-12-07,0,NA,NA,NA,NA,FALSE,0,NA,2011-12-07,FALSE,FALSE,0,NA,NA,NA,NA,0,0,NA,NA,NA,NA,0,0,2011-12-07,NA,NA,NA,NA
"17","mfo","Mamoobi","AK",2007-01-01,"LT",2012-05-16,2014-10-21,888,2010-01-01,TRUE,1097,"mamo",TRUE,1097,NA,2013-05-16,TRUE,FALSE,0,0.515,NA,2013-02-14,NA,2,0,0.234,0.028,2014-05-31,2014-05-31,6,1,2013-05-16,91,NA,143,143
"18","qui",NA,"NH",NA,"LT",2011-11-19,2015-11-12,1454,NA,NA,NA,NA,FALSE,0,NA,2012-11-18,FALSE,FALSE,0,NA,NA,NA,NA,0,0,0.49,0.907,2015-11-05,2015-11-05,2,2,2012-11-18,NA,NA,7,7
"19","oom",NA,NA,NA,"BD",2010-12-24,2012-11-19,696,NA,NA,NA,NA,FALSE,0,NA,2011-12-24,TRUE,TRUE,27,0.408,0,2011-12-16,2011-12-06,53,27,0.405,0.283,2012-09-17,2012-09-17,84,48,2011-12-24,8,18,63,63
"20","bry",NA,NA,NA,"LT",2011-01-16,2012-05-01,471,NA,NA,NA,NA,FALSE,0,NA,2012-01-16,TRUE,TRUE,11,1,1,2011-09-30,2011-09-30,13,11,1,1,2011-09-30,2011-09-30,13,11,2012-01-16,108,108,214,214
"21","oku",NA,"AK",2007-01-01,"BD",2013-02-19,2014-09-08,566,2010-01-01,NA,NA,NA,FALSE,0,NA,2014-02-19,TRUE,TRUE,11,0.349,0,2014-02-03,2013-11-13,17,11,0.448,0.401,2014-08-23,2014-08-23,23,17,2014-02-19,16,98,16,16
"22","wil",NA,NA,NA,"LT",2011-01-19,2012-02-14,391,NA,NA,NA,NA,FALSE,0,NA,2012-01-19,TRUE,FALSE,0,NA,NA,NA,NA,0,0,0.694,0.709,2012-01-28,2012-01-28,1,1,2012-01-19,NA,NA,17,17
"23","jam",NA,NA,NA,"LT",2011-01-28,2012-06-08,497,NA,NA,NA,NA,FALSE,0,NA,2012-01-28,TRUE,TRUE,11,0.622,0.623,2012-01-03,2012-01-03,11,11,0.622,0.623,2012-01-03,2012-01-03,11,11,2012-01-28,25,25,157,157
"24","don","Dagga","BD",2009-01-01,"LT",2015-04-03,2018-11-16,1323,2012-01-01,FALSE,270,"dagg",TRUE,270,NA,2016-04-02,TRUE,TRUE,3,0.457,0.2,2015-06-26,2015-06-26,3,3,0.884,1,2018-11-10,2018-04-05,27,14,2016-04-02,281,281,6,225
"25","ert",NA,"BD",NA,"NH",2012-04-26,2015-12-11,1324,NA,NA,NA,NA,FALSE,0,NA,2013-04-26,TRUE,FALSE,0,NA,NA,NA,NA,0,0,0.59,0.767,2015-11-26,2015-11-26,5,4,2013-04-26,NA,NA,15,15
"26","gro",NA,"BD",NA,"NH",2012-05-01,2013-01-25,269,NA,NA,NA,NA,FALSE,0,NA,2013-05-01,FALSE,FALSE,0,NA,NA,NA,NA,0,0,NA,NA,NA,NA,0,0,2013-05-01,NA,NA,NA,NA
"27","ham",NA,"LT",2007-01-01,"AK",2013-05-24,2014-05-26,367,2010-01-01,NA,NA,NA,FALSE,0,NA,2014-05-24,TRUE,TRUE,8,0.39,0.216,2014-05-23,2014-05-23,12,8,0.39,0.216,2014-05-23,2014-05-23,12,8,2014-05-24,1,1,3,3
"28","rus",NA,NA,NA,"BD",2011-05-08,2013-12-16,953,NA,NA,NA,NA,FALSE,0,NA,2012-05-07,TRUE,TRUE,36,0.539,0.586,2012-04-24,2012-04-24,62,36,0.941,1,2013-12-16,2013-12-16,109,67,2012-05-07,13,13,0,0
"29","elt",NA,"LT",2006-01-01,"AK",2012-01-28,2016-01-18,1451,2009-01-01,NA,NA,NA,FALSE,0,NA,2013-01-27,TRUE,TRUE,9,0.106,0,2012-11-26,2012-11-26,9,9,0.797,1,2015-12-24,2015-10-17,65,40,2013-01-27,62,62,25,93
"30","har",NA,NA,NA,"LT",2011-06-09,2012-08-28,446,NA,NA,NA,NA,FALSE,0,NA,2012-06-08,TRUE,TRUE,1,0.816,0.819,2012-06-08,2012-06-08,1,1,0.816,0.819,2012-06-08,2012-06-08,1,1,2012-06-08,0,0,81,81
"31","new",NA,NA,NA,"LT",2011-07-09,2014-01-25,931,NA,NA,NA,NA,FALSE,0,NA,2012-07-08,TRUE,TRUE,13,0,0,2012-06-12,2012-06-12,15,13,0,0,2013-10-28,2013-10-28,17,14,2012-07-08,26,26,89,89
"32","the",NA,NA,NA,"LT",2011-08-09,2012-02-09,184,NA,NA,NA,NA,FALSE,0,NA,2012-08-08,TRUE,TRUE,8,1,1,2012-06-04,2012-06-04,8,8,0.659,0.66,2012-01-28,2012-01-28,7,7,2012-08-08,65,65,12,12
"33","hwa","Hamba","AK",2011-09-16,"BD",2016-06-07,2017-12-11,552,2014-09-16,TRUE,1097,"hamb",TRUE,1097,0.558,2017-06-07,TRUE,TRUE,25,0.485,0.058,2017-05-29,2017-05-27,49,25,0.629,0.648,2017-12-08,2017-12-08,108,71,2017-06-07,9,11,3,3
"34","vin","Victoria","LT",2011-10-01,"BD",2017-02-13,2018-11-19,644,2014-10-01,TRUE,1097,"vict",TRUE,1097,0.237,2018-02-13,TRUE,TRUE,17,0.551,0.339,2018-02-02,2017-12-18,30,17,0.525,0.3,2018-11-17,2018-11-17,70,52,2018-02-13,11,57,2,2
"35","spo","Snortjie","BD",2011-10-01,"CR",2016-06-23,2018-04-07,653,2014-10-01,TRUE,1097,"snor",TRUE,1097,0.332,2017-06-23,TRUE,FALSE,0,NA,NA,NA,NA,0,0,1,1,2017-09-16,2017-09-16,1,1,2017-06-23,NA,NA,203,203
"36","nok","Numbies","BD",2011-10-26,"CR",2016-06-15,2017-01-04,203,2014-10-26,TRUE,1097,"numb",TRUE,1097,0.272,2017-06-15,FALSE,TRUE,1,NA,NA,NA,NA,1,1,NA,NA,NA,NA,1,1,2017-06-15,NA,NA,NA,NA
"37","lom","Lausanne","NH",2011-10-27,"5males",2016-07-14,2016-07-14,0,2014-10-27,FALSE,818,"laus",FALSE,818,0.341,2017-07-14,NA,FALSE,0,NA,NA,NA,NA,0,0,NA,NA,NA,NA,0,0,2017-07-14,NA,NA,NA,NA
"38","ogi","Oulik","BD",2011-11-02,"CR",2016-06-10,2018-07-20,770,2014-11-02,TRUE,1097,"ouli",TRUE,1097,0.977,2017-06-10,TRUE,FALSE,0,NA,NA,NA,NA,0,0,0,0,2017-12-05,2017-12-05,6,6,2017-06-10,NA,NA,227,227
"39","art",NA,NA,NA,"LT",2011-11-03,2012-02-14,103,NA,NA,NA,NA,FALSE,0,NA,2012-11-02,TRUE,TRUE,1,0.472,0.463,2012-01-03,2012-01-03,1,1,0.472,0.463,2012-01-03,2012-01-03,1,1,2012-11-02,304,304,42,42
"40","nil",NA,NA,NA,"KB",2011-11-05,2014-11-17,1108,NA,NA,NA,NA,FALSE,0,NA,2012-11-04,TRUE,FALSE,0,NA,NA,NA,NA,0,0,1,1,2014-10-28,2014-09-25,9,4,2012-11-04,NA,NA,20,53
"41","akk","Asis","BD",2011-11-07,"CR",2016-06-10,2018-07-20,770,2014-11-07,TRUE,1097,"asis",TRUE,1097,0.637,2017-06-10,TRUE,FALSE,0,NA,NA,NA,NA,0,0,0.293,0.341,2017-11-08,2017-11-08,3,3,2017-06-10,NA,NA,254,254
"42","poe","Prinses","BD",2011-11-11,"CR",2016-06-15,2018-07-20,765,2014-11-11,TRUE,1097,"prin",TRUE,1097,0.736,2017-06-15,TRUE,TRUE,1,NA,NA,NA,NA,1,1,1,1,2017-12-05,2017-12-05,8,8,2017-06-15,NA,NA,227,227
"43","jun","Jakarta","NH",2011-11-20,"IF",2016-04-14,2016-10-25,194,2014-11-20,TRUE,1097,"jaka",TRUE,1097,0.293,2017-04-14,NA,FALSE,0,NA,NA,NA,NA,0,0,NA,NA,NA,NA,0,0,2017-04-14,NA,NA,NA,NA
"44","ubu","Ulaka","AK",2011-11-21,"BD",2016-05-28,2020-06-06,1470,2014-11-21,FALSE,664,"ulak",FALSE,664,0.733,2017-05-28,TRUE,TRUE,11,0.311,0.624,2017-05-22,2017-04-28,17,11,0.77,0.801,2020-05-09,2020-05-09,140,90,2017-05-28,6,30,28,28
"45","ulu","Uppsala","NH",2011-12-01,"5males",2016-07-14,2016-07-14,0,2014-12-01,TRUE,1097,"upps",TRUE,1097,0.508,2017-07-14,NA,FALSE,0,NA,NA,NA,NA,0,0,NA,NA,NA,NA,0,0,2017-07-14,NA,NA,NA,NA
"46","roo","Rissiepit","BD",2011-12-05,"CR",2017-05-10,2018-07-20,436,2014-12-05,TRUE,1097,"riss",TRUE,1097,0.135,2018-05-10,TRUE,TRUE,1,0.638,0.705,2017-11-13,2017-11-13,1,1,0.638,0.705,2017-11-13,2017-11-13,1,1,2018-05-10,178,178,249,249
"47","neu",NA,"NH",2009-01-01,"BD",2014-05-14,2020-12-14,2406,2012-01-01,NA,NA,NA,FALSE,0,NA,2015-05-14,TRUE,TRUE,10,0.509,0.708,2014-12-08,2014-12-08,16,10,1,0.934,2020-11-16,2020-11-16,290,188,2015-05-14,157,157,28,28
"48","tor","Troia","NH",2009-01-01,"BD",2014-06-16,2016-02-13,607,2012-01-01,FALSE,420,"troi",TRUE,420,NA,2015-06-16,TRUE,TRUE,2,0.325,0.271,2015-02-19,2014-12-08,6,2,0.502,0.321,2015-12-11,2015-12-11,12,6,2015-06-16,117,190,64,64
"49","zur","Zara","NH",2009-01-01,"BD",2014-06-03,2016-02-15,622,2012-01-01,FALSE,420,"zara",TRUE,420,NA,2015-06-03,TRUE,TRUE,5,0.315,0,2014-12-01,2014-12-01,9,5,0.488,0,2015-12-08,2015-11-12,24,10,2015-06-03,184,184,69,95
"50","pue","Paris","NH",2011-12-27,"5males",2016-07-14,2016-07-14,0,2014-12-27,TRUE,1097,"pari",TRUE,1097,0.711,2017-07-14,NA,FALSE,0,NA,NA,NA,NA,0,0,NA,NA,NA,NA,0,0,2017-07-14,NA,NA,NA,NA
"51","bon",NA,NA,NA,"AK",2012-01-28,2013-04-25,453,NA,NA,NA,NA,FALSE,0,NA,2013-01-27,TRUE,TRUE,11,0.341,0.484,2013-01-07,2013-01-07,13,11,0.361,0.258,2013-04-22,2013-04-22,17,13,2013-01-27,20,20,3,3
"52","gov","Gagasa","AK",2008-01-01,"Intaka",2014-01-31,2014-06-13,133,2011-01-01,TRUE,1097,"gaga",TRUE,1097,NA,2015-01-31,NA,FALSE,0,NA,NA,NA,NA,0,0,NA,NA,NA,NA,0,0,2015-01-31,NA,NA,NA,NA
"53","mna","Mamoobi","AK",2009-01-01,"LT",2015-01-19,2018-06-07,1235,2012-01-01,TRUE,1096,"mamo",TRUE,1096,NA,2016-01-19,TRUE,TRUE,4,0.705,1,2015-11-14,2015-11-14,4,4,0.502,0,2018-04-05,2018-04-05,26,17,2016-01-19,66,66,63,63
"54","vol",NA,NA,NA,"LT",2012-02-03,2014-06-03,851,NA,NA,NA,NA,FALSE,0,NA,2013-02-02,TRUE,TRUE,1,0.457,0.428,2012-06-12,2012-06-12,1,1,0.424,0.562,2013-10-28,2013-10-28,2,2,2013-02-02,235,235,218,218
"55","ahe",NA,NA,NA,"AK",2010-12-18,2012-02-24,433,NA,NA,NA,NA,FALSE,0,NA,2011-12-18,TRUE,TRUE,5,0.981,1,2011-12-15,2011-12-15,24,5,0.981,1,2011-12-15,2011-12-15,24,5,2011-12-18,3,3,71,71
"56","auc",NA,NA,NA,"NH",2012-02-27,2014-09-25,941,NA,NA,NA,NA,FALSE,0,NA,2013-02-26,TRUE,TRUE,2,0.336,0,2012-05-29,2012-05-29,2,2,0.599,1,2014-07-18,2014-06-21,11,9,2013-02-26,273,273,69,96
"57","sty",NA,"KB",2009-01-01,"NH",2014-05-24,2016-03-29,675,2012-01-01,NA,NA,NA,FALSE,0,NA,2015-05-24,TRUE,FALSE,0,NA,NA,NA,NA,0,0,0.528,0.56,2015-12-31,2015-12-31,5,5,2015-05-24,NA,NA,89,89
"58","twe",NA,"KB",2010-12-01,"NH",2014-05-24,2019-09-06,1931,2013-12-01,NA,NA,NA,FALSE,0,NA,2015-05-24,TRUE,FALSE,0,NA,NA,NA,NA,0,0,0.846,1,2019-09-04,2019-08-30,148,50,2015-05-24,NA,NA,2,7
"59","che",NA,NA,NA,"NH",2012-04-28,2014-05-26,758,NA,NA,NA,NA,FALSE,0,NA,2013-04-28,TRUE,TRUE,27,0.582,0,2013-04-22,2013-04-22,38,27,0.741,0.427,2014-05-24,2014-05-24,51,33,2013-04-28,6,6,2,2
"60","gel","Gagasa","AK",2007-01-01,"LT",2012-06-04,2013-10-28,511,2010-01-01,TRUE,1097,"gaga",TRUE,1097,NA,2013-06-04,TRUE,TRUE,2,0.266,0.418,2012-09-29,2012-09-29,3,2,0.216,0.085,2013-10-28,2013-10-28,8,5,2013-06-04,248,248,0,0
"61","sha",NA,NA,NA,"LT",2012-06-08,2015-02-23,990,NA,NA,NA,NA,FALSE,0,NA,2013-06-08,TRUE,TRUE,1,0.705,0.862,2012-09-29,2012-09-29,1,1,0.696,0.131,2014-09-17,2014-07-28,18,4,2013-06-08,252,252,159,210
"62","edw",NA,NA,NA,"LT",2012-06-12,2014-11-12,883,NA,NA,NA,NA,FALSE,0,NA,2013-06-12,TRUE,FALSE,0,NA,NA,NA,NA,0,0,0.996,1,2014-08-29,2014-07-28,11,5,2013-06-12,NA,NA,75,107
"63","gar","Geneva","NH",2012-10-11,"5males",2016-07-14,2016-07-14,0,2015-10-11,TRUE,1096,"gene",TRUE,1096,0.953,2017-07-14,NA,FALSE,0,NA,NA,NA,NA,0,0,NA,NA,NA,NA,0,0,2017-07-14,NA,NA,NA,NA
"64","nyo","Nkosikasi","AK",2012-10-22,"BD",2017-05-16,2018-11-19,552,2015-10-22,FALSE,0,NA,FALSE,0,NA,2018-05-16,TRUE,TRUE,26,0.394,0.208,2018-04-06,2018-04-06,41,26,0.51,0.306,2018-10-25,2018-10-25,66,49,2018-05-16,40,40,25,25
"65","unw","Ulaka","AK",2012-10-22,"BD",2017-05-04,2017-12-07,217,2015-10-22,FALSE,328,"ulak",FALSE,328,0.7,2018-05-04,FALSE,TRUE,18,0.541,0.468,2017-12-06,2017-12-06,31,18,0.541,0.468,2017-12-06,2017-12-06,31,18,2018-05-04,149,149,1,1
"66","rhe","Roma","NH",2012-10-27,"BD",2017-12-05,2021-09-27,1392,2015-10-27,TRUE,1096,"roma",TRUE,1096,0.114,2018-12-05,TRUE,TRUE,17,0.558,0.531,2018-12-03,2018-12-03,20,17,0.399,0.454,2021-09-17,2021-09-17,110,80,2018-12-05,2,2,10,10
"67","vul","Vroutjie","BD",2012-11-14,"NH",2020-04-16,2025-03-17,1796,2015-11-14,TRUE,1096,"vrou",TRUE,1096,NA,2021-04-16,TRUE,TRUE,17,0.294,0.574,2021-04-07,2021-04-07,28,17,0.554,0.577,2024-11-04,2024-11-04,154,105,2021-04-16,9,9,133,133
"68","hlo","Hleka","AK",2012-12-23,"BD",2017-05-16,2019-11-20,918,2015-12-23,FALSE,1059,"hlek",FALSE,1059,0.564,2018-05-16,TRUE,TRUE,33,0.383,0,2018-05-15,2018-05-15,58,33,0.697,0.526,2019-10-31,2019-10-30,131,76,2018-05-16,1,1,20,21
"69","fud",NA,NA,NA,"AK",2013-06-11,2015-09-11,822,NA,NA,NA,NA,FALSE,0,NA,2014-06-11,TRUE,TRUE,4,0.298,0,2014-05-26,2014-05-26,4,4,0.368,0.178,2015-06-02,2015-06-02,10,8,2014-06-11,16,16,101,101
"70","can",NA,NA,NA,"NH",2013-06-28,2016-02-25,972,NA,NA,NA,NA,FALSE,0,NA,2014-06-28,TRUE,TRUE,4,0.37,0.024,2014-01-03,2014-01-03,5,4,0.397,0,2015-08-21,2015-08-21,6,5,2014-06-28,176,176,188,188
"71","uji","Uppsala","NH",2013-10-31,"Jacaranda",2018-05-26,2018-05-26,0,2016-10-31,TRUE,1097,"upps",TRUE,1097,0.681,2019-05-26,NA,FALSE,0,NA,NA,NA,NA,0,0,NA,NA,NA,NA,0,0,2019-05-26,NA,NA,NA,NA
"72","avo","Amazon","KB",2013-11-11,"NH",2018-05-14,2018-06-12,29,2016-11-11,FALSE,561,"amaz",FALSE,561,0.497,2019-05-14,TRUE,TRUE,1,0.387,0,2018-05-31,2018-05-31,2,1,0.387,0,2018-05-31,2018-05-31,2,1,2019-05-14,348,348,12,12
"73","gla","Geneva","NH",2013-11-12,"Jacaranda",2018-05-28,2018-05-28,0,2016-11-12,TRUE,1097,"gene",TRUE,1097,0.94,2019-05-28,NA,FALSE,0,NA,NA,NA,NA,0,0,NA,NA,NA,NA,0,0,2019-05-28,NA,NA,NA,NA
"74","yan","Yenissei","KB",2013-01-01,"NH",2018-05-14,2020-01-27,623,2016-01-01,TRUE,1096,"yeni",TRUE,1096,NA,2019-05-14,TRUE,TRUE,13,0.219,0,2019-05-11,2019-04-10,39,13,0.438,0,2019-12-02,2019-08-17,47,19,2019-05-14,3,34,56,163
"75","jag",NA,NA,NA,"BD",2014-05-08,2015-01-10,247,NA,NA,NA,NA,FALSE,0,NA,2015-05-08,FALSE,TRUE,2,0.461,0.595,2014-12-23,2014-12-23,2,2,0.461,0.595,2014-12-23,2014-12-23,2,2,2015-05-08,136,136,18,18
"76","dow",NA,NA,NA,"LT",2014-05-28,2014-07-09,42,NA,NA,NA,NA,FALSE,0,NA,2015-05-28,FALSE,FALSE,0,NA,NA,NA,NA,0,0,NA,NA,NA,NA,0,0,2015-05-28,NA,NA,NA,NA
"77","umz",NA,NA,NA,"AK",2014-06-09,2015-09-12,460,NA,NA,NA,NA,FALSE,0,NA,2015-06-09,TRUE,TRUE,5,0.167,0,2015-06-02,2015-06-02,5,5,0.167,0,2015-06-02,2015-06-02,5,5,2015-06-09,7,7,102,102
"78","dap",NA,NA,NA,"BD",2014-07-01,2016-01-27,575,NA,NA,NA,NA,FALSE,0,NA,2015-07-01,TRUE,TRUE,1,0.376,0.393,2015-04-25,2015-04-25,1,1,0.349,0.341,2015-11-27,2015-07-18,5,2,2015-07-01,67,67,61,193
"79","ada",NA,NA,NA,"LT",2014-08-14,2016-11-14,823,NA,NA,NA,NA,FALSE,0,NA,2015-08-14,TRUE,TRUE,3,0.385,0,2015-06-26,2015-06-26,5,3,0.181,0,2016-10-11,2016-10-11,13,10,2015-08-14,49,49,34,34
"80","gaa","Gesels","BD",2014-10-20,"CR",2019-06-18,2019-06-18,0,2017-10-20,TRUE,1097,"gese",TRUE,1097,0.44,2020-06-17,FALSE,FALSE,0,NA,NA,NA,NA,0,0,NA,NA,NA,NA,0,0,2020-06-17,NA,NA,NA,NA
"81","mat","Mamoobi","AK",2014-10-21,"BD",2020-02-17,2021-01-30,348,2017-10-21,TRUE,1097,"mamo",TRUE,1097,0.137,2021-02-16,TRUE,TRUE,16,0.495,0.24,2021-01-13,2021-01-13,21,16,0.495,0.24,2021-01-13,2021-01-13,21,16,2021-02-16,34,34,17,17
"82","hei","Heerlik","BD",2014-10-31,"CR",2021-04-01,2021-04-02,1,2017-10-31,TRUE,1097,"heer",TRUE,1097,0.488,2022-04-01,FALSE,FALSE,0,NA,NA,NA,NA,0,0,NA,NA,NA,NA,0,0,2022-04-01,NA,NA,NA,NA
"83","ihl","Isilonda","AK",2014-11-03,"IF",2016-04-29,2017-04-07,343,2017-11-03,FALSE,887,"isil",FALSE,887,0.264,2017-04-29,NA,FALSE,0,NA,NA,NA,NA,0,0,NA,NA,NA,NA,0,0,2017-04-29,NA,NA,NA,NA
"84","ted","Chiloe","CR",2014-11-12,"BD",2019-05-25,2022-05-19,1090,2017-11-12,FALSE,1042,"chil",TRUE,1042,NA,2020-05-24,TRUE,TRUE,26,0.305,0,2020-05-09,2020-05-09,41,26,0.085,0,2022-05-10,2022-05-10,108,67,2020-05-24,15,15,9,9
"85","obe","Oulik","BD",2014-11-15,"CR",2020-08-06,2022-02-22,565,2017-11-15,TRUE,1097,"ouli",TRUE,1097,0.988,2021-08-06,TRUE,TRUE,2,0,0,2021-06-23,2021-06-23,2,2,0.494,0,2022-02-07,2022-02-07,8,4,2021-08-06,44,44,15,15
"86","pro","Pretoria","NH",2014-11-19,"BD",2019-07-13,2022-04-16,1008,2017-11-19,TRUE,1097,"pret",TRUE,1097,0.426,2020-07-12,TRUE,TRUE,12,0.633,0.412,2020-07-08,2020-07-01,22,12,0.609,1,2022-04-13,2022-04-13,57,30,2020-07-12,4,11,3,3
"87","tha",NA,NA,NA,"KB",2014-11-19,2015-08-26,280,NA,NA,NA,NA,FALSE,0,NA,2015-11-19,FALSE,TRUE,8,0.684,0.582,2015-06-29,2015-06-29,8,8,0.684,0.582,2015-06-29,2015-06-29,8,8,2015-11-19,143,143,58,58
"88","jap",NA,NA,NA,"CR",2014-11-20,2015-05-15,176,NA,NA,NA,NA,FALSE,0,NA,2015-11-20,FALSE,FALSE,0,NA,NA,NA,NA,0,0,NA,NA,NA,NA,0,0,2015-11-20,NA,NA,NA,NA
"89","ker",NA,NA,NA,"CR",2014-12-30,2015-05-26,147,NA,NA,NA,NA,FALSE,0,NA,2015-12-30,FALSE,FALSE,0,NA,NA,NA,NA,0,0,NA,NA,NA,NA,0,0,2015-12-30,NA,NA,NA,NA
"90","pal",NA,"CR",2012-01-01,"BD",2016-12-07,2022-03-01,1910,2015-01-01,NA,NA,NA,FALSE,0,NA,2017-12-07,TRUE,TRUE,58,0.733,1,2017-12-06,2017-12-06,95,58,0.75,1,2022-02-07,2022-01-18,377,251,2017-12-07,1,1,22,42
"91","sol",NA,NA,NA,"CR",2014-12-30,2017-01-28,760,NA,NA,NA,NA,FALSE,0,NA,2015-12-30,TRUE,FALSE,0,NA,NA,NA,NA,0,0,NA,NA,NA,NA,0,0,2015-12-30,NA,NA,NA,NA
"92","boc",NA,NA,NA,"CR",2014-12-31,2017-01-21,752,NA,NA,NA,NA,FALSE,0,NA,2015-12-31,TRUE,FALSE,0,NA,NA,NA,NA,0,0,NA,NA,NA,NA,0,0,2015-12-31,NA,NA,NA,NA
"93","han",NA,"CR",2012-01-01,"BD",2017-05-06,2020-03-04,1033,2015-01-01,NA,NA,NA,FALSE,0,NA,2018-05-06,TRUE,TRUE,25,0.391,0.073,2018-04-18,2018-04-06,32,25,0.401,0.079,2020-02-26,2020-02-26,91,68,2018-05-06,18,30,7,7
"94","mac",NA,NA,NA,"CR",2014-12-31,2016-05-20,506,NA,NA,NA,NA,FALSE,0,NA,2015-12-31,TRUE,FALSE,0,NA,NA,NA,NA,0,0,NA,NA,NA,NA,0,0,2015-12-31,NA,NA,NA,NA
"95","sey","Samoa","CR",2014-01-01,"BD",2019-05-21,2024-03-07,1752,2017-01-01,FALSE,733,"samo",TRUE,733,NA,2020-05-20,TRUE,TRUE,12,0.461,0.209,2020-04-03,2020-04-03,25,12,0.752,0.909,2024-02-13,2023-12-05,169,77,2020-05-20,47,47,23,93
"96","hen",NA,NA,NA,"CR",2015-01-06,2015-05-26,140,NA,NA,NA,NA,FALSE,0,NA,2016-01-06,FALSE,FALSE,0,NA,NA,NA,NA,0,0,NA,NA,NA,NA,0,0,2016-01-06,NA,NA,NA,NA
"97","xiu",NA,NA,NA,"CR",2015-11-13,2023-04-03,2698,NA,NA,NA,NA,FALSE,0,NA,2016-11-12,TRUE,FALSE,0,NA,NA,NA,NA,0,0,1,1,2022-05-17,2022-05-17,9,5,2016-11-12,NA,NA,321,321
"98","bas",NA,"CR",NA,"BD",2017-05-05,2021-02-19,1386,NA,NA,NA,NA,FALSE,0,NA,2018-05-05,TRUE,FALSE,0,NA,NA,NA,NA,0,0,0.773,0.647,2021-01-21,2021-01-21,55,40,2018-05-05,NA,NA,29,29
"99","olo",NA,NA,NA,"KB",2015-04-03,2015-05-25,52,NA,NA,NA,NA,FALSE,0,NA,2016-04-02,FALSE,TRUE,2,0.682,0.864,2015-05-25,2015-05-25,2,2,0.682,0.864,2015-05-25,2015-05-25,2,2,2016-04-02,313,313,0,0
"100","ati",NA,NA,NA,"KB",2015-04-28,2016-01-25,272,NA,NA,NA,NA,FALSE,0,NA,2016-04-27,TRUE,TRUE,2,0.632,1,2015-12-17,2015-12-17,2,2,0.632,1,2015-12-17,2015-12-17,2,2,2016-04-27,132,132,39,39
"101","lif",NA,NA,NA,"KB",2015-04-28,2021-05-31,2225,NA,NA,NA,NA,FALSE,0,NA,2016-04-27,TRUE,TRUE,9,1,0.332,2016-04-19,2015-11-03,25,9,1,0.332,2021-05-31,2015-11-03,105,9,2016-04-27,8,176,0,2036
"102","oka",NA,NA,NA,"KB",2015-05-04,2015-10-29,178,NA,NA,NA,NA,FALSE,0,NA,2016-05-03,FALSE,TRUE,4,0.605,0.573,2015-08-03,2015-08-03,4,4,0.605,0.573,2015-08-03,2015-08-03,4,4,2016-05-03,274,274,87,87
"103","wes",NA,NA,2015-05-20,"LT",2015-05-20,2018-02-20,1007,2018-05-20,NA,NA,NA,FALSE,0,NA,2016-05-19,TRUE,FALSE,0,NA,NA,NA,NA,0,0,NA,NA,NA,NA,0,0,2016-05-19,NA,NA,NA,NA
"104","col",NA,NA,NA,"KB",2015-05-25,2016-05-11,352,NA,NA,NA,NA,FALSE,0,NA,2016-05-24,TRUE,TRUE,4,0,0,2015-12-17,2015-12-17,4,4,0,0,2015-12-17,2015-12-17,4,4,2016-05-24,159,159,146,146
"105","van",NA,NA,NA,"CR",2015-09-01,2018-05-28,1000,NA,NA,NA,NA,FALSE,0,NA,2016-08-31,TRUE,FALSE,0,NA,NA,NA,NA,0,0,NA,NA,NA,NA,0,0,2016-08-31,NA,NA,NA,NA
"106","pia",NA,NA,NA,"CR",2015-09-26,2016-07-15,293,NA,NA,NA,NA,FALSE,0,NA,2016-09-25,FALSE,FALSE,0,NA,NA,NA,NA,0,0,NA,NA,NA,NA,0,0,2016-09-25,NA,NA,NA,NA
"107","zav",NA,NA,NA,"CR",2015-10-28,2017-02-17,478,NA,NA,NA,NA,FALSE,0,NA,2016-10-27,TRUE,FALSE,0,NA,NA,NA,NA,0,0,NA,NA,NA,NA,0,0,2016-10-27,NA,NA,NA,NA
"108","ula","Uppsala","NH",2015-11-16,"IF",2020-12-09,2021-01-15,37,2018-11-16,TRUE,1097,"upps",TRUE,1097,0.71,2021-12-09,FALSE,FALSE,0,NA,NA,NA,NA,0,0,NA,NA,NA,NA,0,0,2021-12-09,NA,NA,NA,NA
"109","pru","Pretoria","NH",2015-11-23,"IF",2020-12-09,2024-02-20,1168,2018-11-23,TRUE,1097,"pret",TRUE,1097,0.42,2021-12-09,TRUE,FALSE,0,NA,NA,NA,NA,0,0,0.891,0,2024-01-18,2023-03-24,5,1,2021-12-09,NA,NA,33,333
"110","rey","Reva","NH",2015-11-23,"IF",2020-12-09,2022-05-22,529,2018-11-23,TRUE,1097,"reva",TRUE,1097,0.129,2021-12-09,TRUE,FALSE,0,NA,NA,NA,NA,0,0,NA,NA,NA,NA,0,0,2021-12-09,NA,NA,NA,NA
"111","kau",NA,NA,NA,"CR",2015-11-28,2017-01-04,403,NA,NA,NA,NA,FALSE,0,NA,2016-11-27,TRUE,FALSE,0,NA,NA,NA,NA,0,0,NA,NA,NA,NA,0,0,2016-11-27,NA,NA,NA,NA
"112","yel",NA,NA,NA,"CR",2015-11-28,2017-01-03,402,NA,NA,NA,NA,FALSE,0,NA,2016-11-27,TRUE,FALSE,0,NA,NA,NA,NA,0,0,NA,NA,NA,NA,0,0,2016-11-27,NA,NA,NA,NA
"113","rat","Rissiepit","BD",2015-11-30,"LT",2021-05-21,2021-12-18,211,2018-11-30,TRUE,1097,"riss",TRUE,1097,0.203,2022-05-21,TRUE,TRUE,6,0.404,0.4,2021-12-10,2021-12-10,11,6,0.404,0.4,2021-12-10,2021-12-10,11,6,2022-05-21,162,162,8,8
"114","ber","Barbados","CR",2014-01-01,"SplitCR",2017-02-12,2017-04-10,57,2017-01-01,FALSE,452,"barb",TRUE,452,NA,2018-02-12,NA,FALSE,0,NA,NA,NA,NA,0,0,NA,NA,NA,NA,0,0,2018-02-12,NA,NA,NA,NA
"115","umb","Umnak","CR",2014-01-01,"BD",2019-05-27,2023-12-23,1671,2017-01-01,FALSE,691,"umna",TRUE,691,NA,2020-05-26,TRUE,TRUE,16,0.571,0.35,2020-05-25,2020-05-25,26,16,0.616,0.669,2023-10-17,2023-07-07,106,60,2020-05-26,1,1,67,169
"116","xia","Xian","NH",2016-11-14,"BD",2022-02-14,2022-06-13,119,2019-11-14,TRUE,1096,"xian",TRUE,1096,0.582,2023-02-14,TRUE,TRUE,18,0.366,0.136,2023-01-30,2023-01-30,42,18,0.343,0.11,2022-06-13,2022-06-13,16,6,2023-02-14,15,15,0,0
"117","nge","Nkosikasi","AK",2016-11-18,"BD",2022-02-07,2023-03-01,387,2019-11-18,FALSE,0,NA,FALSE,0,NA,2023-02-07,TRUE,TRUE,11,0.26,0,2023-01-30,2023-01-30,31,11,0.26,0,2023-01-30,2023-01-30,31,11,2023-02-07,8,8,30,30
"118","tyl",NA,NA,NA,"LT",2017-05-22,2018-02-07,261,NA,NA,NA,NA,FALSE,0,NA,2018-05-22,FALSE,TRUE,1,0.374,0.117,2017-08-30,2017-07-14,5,1,0.374,0.117,2017-08-30,2017-07-14,5,1,2018-05-22,265,312,161,208
"119",NA,NA,NA,NA,"LT",2017-06-22,2017-07-07,15,NA,NA,NA,NA,FALSE,0,NA,2018-06-22,FALSE,TRUE,8,NA,NA,NA,NA,NA,NA,NA,NA,NA,NA,NA,NA,2018-06-22,NA,NA,NA,NA
"120","dok","Dulcina","CR",2014-01-01,"BD",2019-05-30,2022-07-21,1148,2017-01-01,FALSE,1,"dulc",FALSE,1,NA,2020-05-29,TRUE,TRUE,10,0.561,0.316,2020-05-20,2020-05-20,21,10,0.496,0.498,2022-07-15,2022-06-30,66,41,2020-05-29,9,9,6,21
"121","fen",NA,NA,NA,"BD",2017-09-01,2020-01-10,861,NA,NA,NA,NA,FALSE,0,NA,2018-09-01,TRUE,TRUE,14,0.476,0.326,2018-08-04,2018-08-04,14,14,0.435,0.213,2019-11-13,2019-11-13,39,26,2018-09-01,28,28,58,58
"122","kom",NA,NA,NA,"AK",2019-10-09,2019-10-09,0,NA,NA,NA,NA,FALSE,0,NA,2020-10-08,TRUE,FALSE,0,NA,NA,NA,NA,0,0,NA,NA,NA,NA,0,0,2020-10-08,NA,NA,NA,NA
"123","aar","Aare","KB",2017-10-09,"IF",2023-01-30,2023-10-01,244,2020-10-09,TRUE,1097,"aare",TRUE,1097,0.406,2024-01-30,FALSE,TRUE,4,1,1,2023-06-16,2023-06-16,4,4,1,1,2023-06-16,2023-06-16,4,4,2024-01-30,228,228,107,107
"124","rocky","Rose-Mary","LT",NA,"LTsplit",2018-02-21,2018-03-03,10,NA,NA,NA,"rose",FALSE,0,NA,2019-02-21,NA,FALSE,0,NA,NA,NA,NA,0,0,NA,NA,NA,NA,0,0,2019-02-21,NA,NA,NA,NA
"125","xin","Xian","NH",2017-01-01,"BD",2022-07-16,2024-11-25,863,2020-01-01,TRUE,1096,"xian",TRUE,1096,0.593,2023-07-16,TRUE,TRUE,14,0.319,0.136,2023-07-11,2023-07-11,32,14,0.46,0.697,2024-11-20,2024-11-20,63,35,2023-07-16,5,5,5,5
"126","nak","Nkosikasi","AK",2017-10-31,"BD",2022-05-06,2023-12-28,601,2020-10-31,FALSE,0,NA,FALSE,0,NA,2023-05-06,TRUE,TRUE,18,0.552,0.767,2023-05-04,2023-04-14,50,18,0.644,0.89,2023-12-14,2023-12-08,67,30,2023-05-06,2,22,14,20
"127","bkay17","Kaya","LT",2017-11-04,"LTsplit",2018-02-21,2018-03-03,10,2020-11-04,FALSE,120,"kaya",FALSE,120,0.155,2019-02-21,NA,FALSE,0,NA,NA,NA,NA,0,0,NA,NA,NA,NA,0,0,2019-02-21,NA,NA,NA,NA
"128","pun",NA,NA,2018-03-02,"BD",2018-03-02,2018-07-24,144,2021-03-02,NA,NA,NA,FALSE,0,NA,2019-03-02,FALSE,FALSE,0,NA,NA,NA,NA,0,0,NA,NA,NA,NA,0,0,2019-03-02,NA,NA,NA,NA
"129","cus",NA,NA,NA,"NH",2018-05-21,2018-12-17,210,NA,NA,NA,NA,FALSE,0,NA,2019-05-21,TRUE,TRUE,13,0.55,0.211,2018-11-24,2018-11-22,21,13,0.55,0.211,2018-11-24,2018-11-22,21,13,2019-05-21,178,180,23,25
"130","osc",NA,NA,NA,"LT",2018-06-07,2019-02-06,244,NA,NA,NA,NA,FALSE,0,NA,2019-06-07,FALSE,FALSE,0,NA,NA,NA,NA,0,0,NA,NA,NA,NA,0,0,2019-06-07,NA,NA,NA,NA
"131","ben",NA,NA,NA,"LT",2018-06-08,2020-07-18,771,NA,NA,NA,NA,FALSE,0,NA,2019-06-08,TRUE,FALSE,0,0.515,NA,2019-06-08,NA,10,0,0.924,0.601,2020-05-26,2020-05-26,27,8,2019-06-08,0,NA,53,53
"132","guz","Gugu","AK",2018-10-01,"IF",2023-05-22,2024-04-17,331,2021-10-01,FALSE,900,"gugu",FALSE,900,0.91,2024-05-21,FALSE,FALSE,0,NA,NA,NA,NA,0,0,NA,NA,NA,NA,0,0,2024-05-21,NA,NA,NA,NA
"133","yaz","Yalu","KB",2018-11-14,"BD",2024-04-24,2025-01-09,260,2021-11-14,FALSE,794,"yalu",FALSE,794,0.985,2025-04-24,FALSE,TRUE,11,0.464,0.465,2024-12-17,2024-12-17,16,11,0.464,0.465,2024-12-17,2024-12-17,16,11,2025-04-24,128,128,23,23
"134","gil","Ginqinka","AK",2018-11-20,"IF",2023-05-22,2024-09-05,472,2021-11-20,TRUE,1097,"ginq",TRUE,1097,0.698,2024-05-21,TRUE,FALSE,0,NA,NA,NA,NA,0,0,NA,NA,NA,NA,0,0,2024-05-21,NA,NA,NA,NA
"135","non","Nooiens","BD",2018-11-22,"PR",2024-01-31,2024-01-31,0,2021-11-22,TRUE,1097,"nooi",TRUE,1097,0.452,2025-01-30,NA,FALSE,0,NA,NA,NA,NA,0,0,NA,NA,NA,NA,0,0,2025-01-30,NA,NA,NA,NA
"136","dal","Daenerys","LT",2018-11-28,"BD",2023-04-25,2024-09-19,513,2021-11-28,TRUE,1097,"daen",TRUE,1097,0.724,2024-04-24,TRUE,TRUE,8,0.158,0.063,2024-04-15,2024-01-06,18,8,0.13,0.1,2024-05-06,2024-05-06,20,10,2024-04-24,9,109,136,136
"137","geo",NA,NA,NA,"LT",2019-03-18,2022-03-18,1096,NA,NA,NA,NA,FALSE,0,NA,2020-03-17,TRUE,TRUE,1,0.721,NA,2020-03-10,2020-03-10,2,1,0.659,NA,2021-12-10,2021-12-10,21,11,2020-03-17,7,7,98,98
"138","was",NA,NA,NA,"NH",2019-03-18,2020-02-26,345,NA,NA,NA,NA,FALSE,0,NA,2020-03-17,FALSE,TRUE,1,0.538,0.225,2019-08-30,2019-08-30,1,1,0.538,0.225,2019-08-30,2019-08-30,1,1,2020-03-17,200,200,180,180
"139","flu",NA,NA,NA,"BD",2019-04-30,2023-01-13,1354,NA,NA,NA,NA,FALSE,0,NA,2020-04-29,TRUE,TRUE,8,0.549,0.488,2020-03-21,2020-03-07,9,8,0.673,0.655,2022-11-18,2022-11-18,71,53,2020-04-29,39,53,56,56
"140","kek",NA,NA,NA,"AK",2019-05-31,2020-04-18,323,NA,NA,NA,NA,FALSE,0,NA,2020-05-30,TRUE,TRUE,1,0.53,0,2020-04-01,2019-09-09,6,1,0.53,0,2020-04-01,2019-09-09,6,1,2020-05-30,59,264,17,222
"141","lip",NA,NA,NA,"NH",2019-06-01,2020-08-17,443,NA,NA,NA,NA,FALSE,0,NA,2020-05-31,TRUE,FALSE,0,NA,NA,NA,NA,0,0,NA,NA,NA,NA,0,0,2020-05-31,NA,NA,NA,NA
"142","oua",NA,NA,NA,"NH",2019-06-03,2020-11-30,546,NA,NA,NA,NA,FALSE,0,NA,2020-06-02,TRUE,TRUE,10,0.712,0.431,2020-06-02,2020-05-27,28,10,0.954,1,2020-11-17,2020-11-07,47,23,2020-06-02,0,6,13,23
"143","tas",NA,NA,NA,"LT",2019-12-04,2021-11-23,720,NA,NA,NA,NA,FALSE,0,NA,2020-12-03,TRUE,FALSE,0,NA,NA,NA,NA,0,0,NA,NA,NA,NA,0,0,2020-12-03,NA,NA,NA,NA
"144","tam",NA,NA,NA,"NH",2020-05-15,2023-03-03,1022,NA,NA,NA,NA,FALSE,0,NA,2021-05-15,TRUE,TRUE,6,0.113,0.3,2021-05-10,2021-05-10,10,6,0.255,0.457,2022-12-14,2022-12-14,35,21,2021-05-15,5,5,79,79
"145","utr",NA,NA,NA,"NH",2020-06-02,2020-10-15,135,NA,NA,NA,NA,FALSE,0,NA,2021-06-02,TRUE,TRUE,6,0.492,1,2021-05-28,2021-05-28,12,6,NA,NA,NA,NA,0,0,2021-06-02,5,5,NA,NA
"146","vla",NA,NA,NA,"NH",2020-05-28,2021-06-11,379,NA,NA,NA,NA,FALSE,0,NA,2021-05-28,TRUE,TRUE,8,0.135,0.223,2021-05-24,2021-05-24,26,8,0.029,0.068,2021-05-29,2021-05-29,27,9,2021-05-28,4,4,13,13
"147","fle",NA,NA,NA,"NH",2020-07-31,2021-11-04,461,NA,NA,NA,NA,FALSE,0,NA,2021-07-31,TRUE,TRUE,16,0.051,0.184,2021-07-28,2021-07-28,22,16,0.052,0.276,2021-10-04,2021-10-04,26,19,2021-07-31,3,3,31,31
"148","war",NA,NA,NA,"NH",2020-09-23,2021-12-20,453,NA,NA,NA,NA,FALSE,0,NA,2021-09-23,TRUE,TRUE,9,0.171,0.428,2021-09-20,2021-09-17,20,9,0.243,0.428,2021-12-16,2021-09-17,22,9,2021-09-23,3,6,4,94
"149","mui","Mielies","BD",2020-11-25,"PR",2024-01-31,2024-01-31,0,2023-11-25,TRUE,1096,"miel",TRUE,1096,0.236,2025-01-30,NA,FALSE,0,NA,NA,NA,NA,0,0,NA,NA,NA,NA,0,0,2025-01-30,NA,NA,NA,NA
"150","sio",NA,NA,NA,"NH",2021-01-15,2021-12-22,341,NA,NA,NA,NA,FALSE,0,NA,2022-01-15,FALSE,TRUE,28,0,0,2021-11-06,2021-10-27,63,28,0,0,2021-11-06,2021-10-27,63,28,2022-01-15,70,80,46,56
"151","rim","Rabat","NH",2021-01-01,"RB",2024-02-02,2024-02-02,0,2024-01-01,TRUE,1096,"raba",TRUE,1096,0.306,2025-02-01,NA,FALSE,0,NA,NA,NA,NA,0,0,NA,NA,NA,NA,0,0,2025-02-01,NA,NA,NA,NA
"152","tch",NA,NA,NA,"AK",2021-05-11,2022-03-17,310,NA,NA,NA,NA,FALSE,0,NA,2022-05-11,TRUE,TRUE,6,0.333,1,2022-02-24,2021-10-09,17,6,0.333,1,2022-02-24,2021-10-09,17,6,2022-05-11,76,214,21,159
"153","buk",NA,NA,NA,"AK",2021-05-11,2024-09-09,1217,NA,NA,NA,NA,FALSE,0,NA,2022-05-11,TRUE,TRUE,4,0.18,0,2022-05-06,2021-12-21,16,4,0.436,0,2024-06-05,2024-06-05,106,37,2022-05-11,5,141,96,96
"154","oke",NA,NA,NA,"KB",2021-05-31,2023-01-28,607,NA,NA,NA,NA,FALSE,0,NA,2022-05-31,TRUE,TRUE,1,0.513,1,2022-04-16,2022-01-19,6,1,0.435,1,2022-12-10,2022-11-26,13,3,2022-05-31,45,132,49,63
"155","eto",NA,NA,NA,"KB",2021-06-02,2021-12-10,191,NA,NA,NA,NA,FALSE,0,NA,2022-06-02,FALSE,TRUE,1,0.531,0,2021-12-04,2021-11-29,2,1,0.531,NA,2021-12-04,NA,2,1,2022-06-02,180,185,6,NA
"156","apa",NA,NA,NA,"LT",2021-06-04,2022-07-26,417,NA,NA,NA,NA,FALSE,0,NA,2022-06-04,TRUE,TRUE,3,0.459,0.609,2021-11-13,2021-11-13,6,3,0.459,0.609,2021-11-13,2021-11-13,6,3,2022-06-04,203,203,255,255
"157","mom",NA,NA,NA,"LT",2021-06-04,2022-12-19,563,NA,NA,NA,NA,FALSE,0,NA,2022-06-04,TRUE,TRUE,3,0.32,0.013,2022-05-03,2021-11-29,5,3,0.32,0.013,2022-05-03,2021-11-29,5,3,2022-06-04,32,187,230,385
"158","plainjane",NA,"CR",NA,"BD",2023-03-01,2024-04-04,400,NA,NA,NA,NA,FALSE,0,NA,2024-02-29,TRUE,FALSE,0,NA,NA,NA,NA,0,0,NA,NA,NA,NA,0,0,2024-02-29,NA,NA,NA,NA
"159","zan_2015",NA,NA,NA,"CR",2015-01-01,2015-02-01,31,NA,NA,NA,NA,FALSE,0,NA,2016-01-01,FALSE,FALSE,0,NA,NA,NA,NA,0,0,NA,NA,NA,NA,0,0,2016-01-01,NA,NA,NA,NA
"160","hem","Heerlik","BD",2021-11-04,"PR",2024-01-31,2024-01-31,0,2024-11-04,FALSE,1052,"heer",FALSE,1052,0.396,2025-01-30,NA,FALSE,0,NA,NA,NA,NA,0,0,NA,NA,NA,NA,0,0,2025-01-30,NA,NA,NA,NA
"161","fur",NA,NA,NA,"KB",2022-03-19,2023-10-14,574,NA,NA,NA,NA,FALSE,0,NA,2023-03-19,TRUE,TRUE,3,0.323,0.099,2022-11-26,2022-11-26,6,3,0.788,0.099,2023-07-21,2022-11-26,9,3,2023-03-19,113,113,85,322
"162","vry",NA,NA,NA,"NH",2022-06-10,2024-12-12,916,NA,NA,NA,NA,FALSE,0,NA,2023-06-10,TRUE,TRUE,23,0.227,0.059,2023-06-09,2023-06-01,25,23,0.266,0.323,2024-04-18,2024-03-01,45,35,2023-06-10,1,9,238,286
"163","erm",NA,NA,NA,"NH",2022-06-16,2022-09-09,85,NA,NA,NA,NA,FALSE,0,NA,2023-06-16,FALSE,FALSE,0,NA,NA,NA,NA,0,0,NA,NA,NA,NA,0,0,2023-06-16,NA,NA,NA,NA
"164","newmale3",NA,NA,NA,"NH",2022-06-16,2022-08-06,51,NA,NA,NA,NA,FALSE,0,NA,2023-06-16,FALSE,FALSE,0,NA,NA,NA,NA,0,0,NA,NA,NA,NA,0,0,2023-06-16,NA,NA,NA,NA
"165","eiv",NA,NA,NA,"CR",2022-06-09,2024-04-04,665,NA,NA,NA,NA,FALSE,0,NA,2023-06-09,TRUE,TRUE,1,0.675,0.596,2023-06-09,2023-06-09,1,1,0.675,0.596,2023-06-09,2023-06-09,1,1,2023-06-09,0,0,300,300
"166","rya",NA,NA,NA,"LT",2022-06-06,2023-02-01,240,NA,NA,NA,NA,FALSE,0,NA,2023-06-06,TRUE,FALSE,0,NA,NA,NA,NA,0,0,NA,NA,NA,NA,0,0,2023-06-06,NA,NA,NA,NA
"167","que",NA,NA,NA,"KB",2022-05-18,2025-02-27,1016,NA,NA,NA,NA,FALSE,0,NA,2023-05-18,TRUE,TRUE,5,0.241,0.639,2023-04-25,2023-04-25,25,5,0.192,0,2024-08-26,2024-08-26,42,15,2023-05-18,23,23,185,185
"168","dak",NA,NA,NA,"NH",2022-09-10,2023-09-05,360,NA,NA,NA,NA,FALSE,0,NA,2023-09-10,FALSE,TRUE,3,0.235,0.397,2023-06-21,2023-06-02,15,3,0.235,0.397,2023-06-21,2023-06-02,15,3,2023-09-10,81,100,76,95
"169","sta",NA,NA,NA,"LT",2022-07-29,2023-12-15,504,NA,NA,NA,NA,FALSE,0,NA,2023-07-29,TRUE,FALSE,0,0.467,NA,2023-04-04,NA,4,0,0.467,NA,2023-04-04,NA,4,0,2023-07-29,116,NA,255,NA
"170","kny",NA,NA,NA,"NH",2022-10-17,2025-03-20,885,NA,NA,NA,NA,FALSE,0,NA,2023-10-17,TRUE,TRUE,5,0.256,0.172,2023-10-13,2023-08-11,12,5,0.44,0.127,2025-03-18,2025-03-18,29,13,2023-10-17,4,67,2,2
"171","kno",NA,NA,NA,"BD",2022-11-07,2024-01-19,438,NA,NA,NA,NA,FALSE,0,NA,2023-11-07,TRUE,TRUE,9,0.288,0.178,2023-10-12,2023-06-22,15,9,0.23,0.178,2023-12-19,2023-06-22,16,9,2023-11-07,26,138,31,211
"172","ves",NA,NA,NA,"CR",2021-05-25,2022-12-08,562,NA,NA,NA,NA,FALSE,0,NA,2022-05-25,TRUE,FALSE,0,NA,NA,NA,NA,0,0,NA,NA,NA,NA,0,0,2022-05-25,NA,NA,NA,NA
"173","bob",NA,NA,NA,"BD",2023-04-08,2024-01-15,282,NA,NA,NA,NA,FALSE,0,NA,2024-04-07,FALSE,TRUE,5,0.314,0.224,2023-12-08,2023-12-08,9,5,0.314,0.224,2023-12-08,2023-12-08,9,5,2024-04-07,121,121,38,38
"174","cai",NA,NA,NA,"NH",2023-03-25,2023-10-31,220,NA,NA,NA,NA,FALSE,0,NA,2024-03-24,FALSE,TRUE,7,0.287,0.347,2023-08-11,2023-06-14,14,7,0.287,0.347,2023-08-11,2023-06-14,14,7,2024-03-24,226,284,81,139
"175","hav",NA,NA,NA,"NH",2023-03-25,2024-10-25,580,NA,NA,NA,NA,FALSE,0,NA,2024-03-24,TRUE,TRUE,11,0.121,0.155,2023-07-27,2023-07-27,16,11,0.121,0.155,2023-07-27,2023-07-27,16,11,2024-03-24,241,241,456,456
"176","san",NA,NA,NA,"IF",2023-04-10,2023-08-04,116,NA,NA,NA,NA,FALSE,0,NA,2024-04-09,TRUE,TRUE,2,0.672,0.471,2023-05-11,2023-05-11,2,2,0.672,0.471,2023-05-11,2023-05-11,2,2,2024-04-09,334,334,85,85
"177","tho",NA,NA,NA,"IF",2023-04-14,2023-08-04,112,NA,NA,NA,NA,FALSE,0,NA,2024-04-13,FALSE,FALSE,0,NA,NA,NA,NA,0,0,NA,NA,NA,NA,0,0,2024-04-13,NA,NA,NA,NA
"178","tot",NA,NA,NA,"BD",2023-04-14,2024-01-23,284,NA,NA,NA,NA,FALSE,0,NA,2024-04-13,FALSE,TRUE,5,0.21,0.159,2024-01-15,2023-12-08,10,5,0.21,0.159,2024-01-15,2023-12-08,10,5,2024-04-13,89,127,8,46
"179","win",NA,NA,NA,"BD",2023-04-15,2023-12-23,252,NA,NA,NA,NA,FALSE,0,NA,2024-04-14,TRUE,TRUE,5,0.29,0.164,2023-11-21,2023-06-29,6,5,0.29,0.164,2023-11-21,2023-06-29,6,5,2024-04-14,145,290,32,177
"180","bra",NA,NA,NA,"BD",2023-04-17,2024-11-25,588,NA,NA,NA,NA,FALSE,0,NA,2024-04-16,TRUE,TRUE,6,0.181,0.481,2024-04-16,2023-12-08,11,6,0.626,1,2024-11-20,2024-11-20,25,15,2024-04-16,0,130,5,5
"181","boo",NA,NA,NA,"BD",2023-07-15,2025-05-22,677,NA,NA,NA,NA,FALSE,0,NA,2024-07-14,TRUE,TRUE,8,0.393,0.545,2024-07-08,2024-07-08,15,8,0.426,0.678,2025-04-01,2025-04-01,20,12,2024-07-14,6,6,51,51
"182","ush",NA,NA,NA,"RB",2024-02-02,2024-02-02,0,NA,NA,NA,NA,FALSE,0,NA,2025-02-01,NA,FALSE,0,NA,NA,NA,NA,0,0,NA,NA,NA,NA,0,0,2025-02-01,NA,NA,NA,NA
"183","oti",NA,NA,NA,"KB",2024-04-11,2025-04-01,355,NA,NA,NA,NA,FALSE,0,NA,2025-04-11,FALSE,FALSE,0,0.648,NA,2024-10-15,NA,2,0,0.648,NA,2024-10-15,NA,2,0,2025-04-11,178,NA,168,NA
"184","map",NA,NA,NA,"NH",2024-04-30,2024-07-12,73,NA,NA,NA,NA,FALSE,0,NA,2025-04-30,FALSE,FALSE,0,NA,NA,NA,NA,0,0,NA,NA,NA,NA,0,0,2025-04-30,NA,NA,NA,NA
"185","lop",NA,NA,NA,"BD",2025-05-05,2025-05-13,8,NA,NA,NA,NA,FALSE,0,NA,2026-05-05,NA,FALSE,0,NA,NA,NA,NA,0,0,NA,NA,NA,NA,0,0,2026-05-05,NA,NA,NA,NA
"186","san_2011",NA,NA,NA,"AK",2011-01-18,2012-12-14,696,NA,NA,NA,NA,FALSE,0,NA,2012-01-18,TRUE,TRUE,4,0.648,0.685,2011-12-15,2011-12-15,12,4,0.855,1,2012-11-09,2012-11-09,34,23,2012-01-18,34,34,35,35
