"","X.5","X.4","X.3","X.2","X.1","immigrant_code","group","degree","strength","strength_assoc","eigenvector_centrality","total_scans","total_dyads","X","Mother","BirthGp","DOB","ImmigrationGp1","DateImmigration1","LastSeen1","Tenure","third_birthday","mother_present_all_3_years","mother_days_present","Momcode","mom_present_birth","found_days_birth","mother_avg_elo","ImmigBirthday1","IsPresentOnBirthday","HasConflictsAfterImmig","ConflictCountAfterImmig","elo_one_year_all","elo_one_year_male_male","elo_rating_date_one_year_all","elo_rating_date_one_year_male_male","n_conflicts_one_year_all","n_conflicts_one_year_male_male","elo_end_tenure_all","elo_end_tenure_male_male","elo_rating_date_end_tenure_all","elo_rating_date_end_tenure_male_male","n_conflicts_end_tenure_all","n_conflicts_end_tenure_male_male","immigration_birthday","days_diff_one_year_all","days_diff_one_year_male_male","days_diff_end_tenure_all","days_diff_end_tenure_male_male","degree_normalized"
"1",1,1,1,1,1,"afr","AK",21,34,0.580219401433328,0.830480456915352,31,315,1,"Asis","BD","2010-10-19","AK","2015-06-29","2016-02-16",232,"2013-10-19",TRUE,1097,"asis",TRUE,1097,NA,"2016-06-28",FALSE,TRUE,1,0.303,0.098,"2016-02-03","2015-10-17",7,1,0.303,0.098,"2016-02-03","2015-10-17",7,1,"2016-06-28",146,255,13,122,0.477272727272727
"2",2,2,2,2,2,"mvu","BD",15,26,0.46264631729466,0.665445272310786,23,453,2,"Mamoobi","AK","2010-11-02","BD","2015-06-13","2016-12-17",553,"2013-11-02",TRUE,1097,"mamo",TRUE,1097,NA,"2016-06-12",TRUE,TRUE,4,0.462,0,"2016-03-30","2016-03-30",9,4,0.523,0.539,"2016-12-14","2016-11-10",31,17,"2016-06-12",74,74,3,37,0.25
"3",3,3,3,3,3,"dub","NH",NA,NA,NA,NA,NA,40,3,NA,NA,NA,"NH","2010-11-08","2012-10-27",719,NA,NA,NA,NA,FALSE,0,NA,"2011-11-08",TRUE,TRUE,2,1,1,"2011-09-03","2010-12-17",39,2,0.807,1,"2012-10-09","2012-10-09",70,26,"2011-11-08",66,326,18,18,NA
"4",4,4,4,4,4,"mil","NH",NA,NA,NA,NA,NA,NA,4,NA,NA,NA,"NH","2010-11-08","2011-03-30",142,NA,NA,NA,NA,FALSE,0,NA,"2011-11-08",TRUE,FALSE,0,NA,NA,NA,NA,0,0,NA,NA,NA,NA,0,0,"2011-11-08",NA,NA,NA,NA,NA
"5",5,5,5,5,5,"nap","NH",NA,NA,NA,NA,NA,NA,5,NA,NA,NA,"NH","2010-11-08","2011-01-24",77,NA,NA,NA,NA,FALSE,0,NA,"2011-11-08",FALSE,TRUE,2,0.257,0,"2010-12-17","2010-12-17",3,2,0.257,0,"2010-12-17","2010-12-17",3,2,"2011-11-08",326,326,38,38,NA
"6",6,6,6,6,6,"ado","BD",NA,NA,NA,NA,NA,NA,6,NA,NA,NA,"BD","2010-11-09","2011-02-08",91,NA,NA,NA,NA,FALSE,0,NA,"2011-11-09",FALSE,TRUE,1,0.75,1,"2010-12-23","2010-12-23",2,1,0.75,NA,"2010-12-23",NA,2,1,"2011-11-09",321,321,47,NA,NA
"7",7,7,7,7,7,"bab","NH",16,19,0.563989323514314,0.352048003706906,18,403,7,NA,"BD","2009-01-01","NH","2014-05-19","2016-04-19",701,"2012-01-01",NA,NA,NA,FALSE,0,NA,"2015-05-19",TRUE,TRUE,2,0.384,0,"2014-10-31","2014-10-31",3,2,0.414,0.18,"2016-04-08","2016-04-08",5,4,"2015-05-19",200,200,11,11,0.30188679245283
"8",8,8,8,8,8,"bok","BD",NA,NA,NA,NA,NA,NA,8,NA,NA,NA,"BD","2010-11-09","2010-12-24",45,NA,NA,NA,NA,FALSE,0,NA,"2011-11-09",FALSE,FALSE,0,0.607,NA,"2010-12-24",NA,1,0,0.607,NA,"2010-12-24",NA,1,0,"2011-11-09",320,NA,0,NA,NA
"9",9,9,9,9,9,"lek","BD",NA,NA,NA,NA,NA,58,9,NA,NA,NA,"BD","2010-11-09","2012-04-23",531,NA,NA,NA,NA,FALSE,0,NA,"2011-11-09",TRUE,TRUE,10,0.371,0.06,"2011-08-16","2011-08-16",18,10,0.329,0.144,"2012-03-22","2012-03-14",21,11,"2011-11-09",85,85,32,40,NA
"10",10,10,10,10,10,"lsko","NH",16,25,0.397795760997481,0.269317746340865,15,889,10,NA,"BD","2009-01-01","NH","2014-05-19","2015-06-16",393,"2012-01-01",NA,NA,NA,FALSE,0,NA,"2015-05-19",TRUE,TRUE,3,0.363,0,"2015-04-23","2015-04-23",10,3,0.363,0,"2015-04-23","2015-04-23",10,3,"2015-05-19",26,26,54,54,0.283185840707965
"11",11,11,11,11,11,"pik_2010","BD",NA,NA,NA,NA,NA,61,11,NA,NA,NA,"BD","2010-11-09","2012-09-21",682,NA,NA,NA,NA,FALSE,0,NA,"2011-11-09",TRUE,TRUE,21,0.853,1,"2011-08-31","2011-08-31",48,21,0.543,0.399,"2012-08-30","2012-08-30",72,41,"2011-11-09",70,70,22,22,NA
"12",12,12,12,12,12,"sko","BD",NA,NA,NA,NA,NA,NA,12,NA,NA,NA,"BD","2010-11-09","2010-12-07",28,NA,NA,NA,NA,FALSE,0,NA,"2011-11-09",FALSE,FALSE,0,NA,NA,NA,NA,0,0,NA,NA,NA,NA,0,0,"2011-11-09",NA,NA,NA,NA,NA
"13",13,13,13,13,13,"kie","AK",3,4,0.408333333333333,0.572032444405298,4,53,13,"Kaiki","BD","2010-11-23","AK","2015-07-20","2015-12-24",157,"2013-11-23",TRUE,1097,"kaik",TRUE,1097,0.105,"2016-07-19",FALSE,FALSE,0,0.321,NA,"2015-08-21",NA,1,0,0.321,NA,"2015-08-21",NA,1,0,"2016-07-19",333,NA,125,NA,0.0652173913043478
"14",14,14,14,14,14,"dwe","AK",NA,NA,NA,NA,NA,11,14,"Dagga","BD","2010-01-01","AK","2016-01-26","2016-03-23",57,"2013-01-01",FALSE,636,"dagg",TRUE,636,NA,"2017-01-25",FALSE,FALSE,0,0.281,NA,"2016-01-29",NA,2,0,0.281,NA,"2016-01-29",NA,2,0,"2017-01-25",362,NA,54,NA,NA
"15",15,15,15,15,15,"wol","AK",27,52,0.555522281116916,0.60895050991625,52,404,15,"Wietnie","BD","2010-01-01","AK","2015-07-20","2018-05-24",1039,"2013-01-01",TRUE,1097,"wiet",TRUE,1097,NA,"2016-07-19",TRUE,TRUE,3,0.765,0.743,"2016-07-02","2016-07-02",6,3,0.49,0,"2018-05-03","2018-05-03",37,21,"2016-07-19",17,17,21,21,0.692307692307692
"16",16,16,16,16,16,"gig","BD",NA,NA,NA,NA,NA,NA,16,NA,NA,NA,"BD","2010-12-07","2010-12-07",0,NA,NA,NA,NA,FALSE,0,NA,"2011-12-07",FALSE,FALSE,0,NA,NA,NA,NA,0,0,NA,NA,NA,NA,0,0,"2011-12-07",NA,NA,NA,NA,NA
"17",17,17,17,17,17,"mfo","LT",NA,NA,NA,NA,NA,NA,17,"Mamoobi","AK","2007-01-01","LT","2012-05-16","2014-10-21",888,"2010-01-01",TRUE,1097,"mamo",TRUE,1097,NA,"2013-05-16",TRUE,FALSE,0,0.515,NA,"2013-02-14",NA,2,0,0.234,0.028,"2014-05-31","2014-05-31",6,1,"2013-05-16",91,NA,143,143,NA
"18",18,18,18,18,18,"qui","LT",NA,NA,NA,NA,NA,NA,18,NA,"NH",NA,"LT","2011-11-19","2015-11-12",1454,NA,NA,NA,NA,FALSE,0,NA,"2012-11-18",FALSE,FALSE,0,NA,NA,NA,NA,0,0,0.49,0.907,"2015-11-05","2015-11-05",2,2,"2012-11-18",NA,NA,7,7,NA
"19",19,19,19,19,19,"oom","BD",NA,NA,NA,NA,NA,170,19,NA,NA,NA,"BD","2010-12-24","2012-11-19",696,NA,NA,NA,NA,FALSE,0,NA,"2011-12-24",TRUE,TRUE,27,0.408,0,"2011-12-16","2011-12-06",53,27,0.405,0.283,"2012-09-17","2012-09-17",84,48,"2011-12-24",8,18,63,63,NA
"20",20,20,20,20,20,"bry","LT",NA,NA,NA,NA,NA,NA,20,NA,NA,NA,"LT","2011-01-16","2012-05-01",471,NA,NA,NA,NA,FALSE,0,NA,"2012-01-16",TRUE,TRUE,11,1,1,"2011-09-30","2011-09-30",13,11,1,1,"2011-09-30","2011-09-30",13,11,"2012-01-16",108,108,214,214,NA
"21",21,21,21,21,21,"oku","BD",5,5,0.547527331425636,0.0160496676020379,5,811,21,NA,"AK","2007-01-01","BD","2013-02-19","2014-09-08",566,"2010-01-01",NA,NA,NA,FALSE,0,NA,"2014-02-19",TRUE,TRUE,11,0.349,0,"2014-02-03","2013-11-13",17,11,0.448,0.401,"2014-08-23","2014-08-23",23,17,"2014-02-19",16,98,16,16,0.0961538461538462
"22",22,22,22,22,22,"wil","LT",NA,NA,NA,NA,NA,NA,22,NA,NA,NA,"LT","2011-01-19","2012-02-14",391,NA,NA,NA,NA,FALSE,0,NA,"2012-01-19",TRUE,FALSE,0,NA,NA,NA,NA,0,0,0.694,0.709,"2012-01-28","2012-01-28",1,1,"2012-01-19",NA,NA,17,17,NA
"23",23,23,23,23,23,"jam","LT",NA,NA,NA,NA,NA,NA,23,NA,NA,NA,"LT","2011-01-28","2012-06-08",497,NA,NA,NA,NA,FALSE,0,NA,"2012-01-28",TRUE,TRUE,11,0.622,0.623,"2012-01-03","2012-01-03",11,11,0.622,0.623,"2012-01-03","2012-01-03",11,11,"2012-01-28",25,25,157,157,NA
"24",24,24,24,24,24,"don","LT",NA,NA,NA,NA,NA,82,24,"Dagga","BD","2009-01-01","LT","2015-04-03","2018-11-16",1323,"2012-01-01",FALSE,270,"dagg",TRUE,270,NA,"2016-04-02",TRUE,TRUE,3,0.457,0.2,"2015-06-26","2015-06-26",3,3,0.884,1,"2018-11-10","2018-04-05",27,14,"2016-04-02",281,281,6,225,NA
"25",25,25,25,25,25,"ert","NH",NA,NA,NA,NA,NA,NA,25,NA,"BD",NA,"NH","2012-04-26","2015-12-11",1324,NA,NA,NA,NA,FALSE,0,NA,"2013-04-26",TRUE,FALSE,0,NA,NA,NA,NA,0,0,0.59,0.767,"2015-11-26","2015-11-26",5,4,"2013-04-26",NA,NA,15,15,NA
"26",26,26,26,26,26,"gro","NH",NA,NA,NA,NA,NA,NA,26,NA,"BD",NA,"NH","2012-05-01","2013-01-25",269,NA,NA,NA,NA,FALSE,0,NA,"2013-05-01",FALSE,FALSE,0,NA,NA,NA,NA,0,0,NA,NA,NA,NA,0,0,"2013-05-01",NA,NA,NA,NA,NA
"27",27,27,27,27,27,"ham","AK",29,86,0.459927249517749,0.331990743781282,61,516,27,NA,"LT","2007-01-01","AK","2013-05-24","2014-05-26",367,"2010-01-01",NA,NA,NA,FALSE,0,NA,"2014-05-24",TRUE,TRUE,8,0.39,0.216,"2014-05-23","2014-05-23",12,8,0.39,0.216,"2014-05-23","2014-05-23",12,8,"2014-05-24",1,1,3,3,0.783783783783784
"28",28,28,28,28,28,"rus","BD",NA,NA,NA,NA,NA,579,28,NA,NA,NA,"BD","2011-05-08","2013-12-16",953,NA,NA,NA,NA,FALSE,0,NA,"2012-05-07",TRUE,TRUE,36,0.539,0.586,"2012-04-24","2012-04-24",62,36,0.941,1,"2013-12-16","2013-12-16",109,67,"2012-05-07",13,13,0,0,NA
"29",29,29,29,29,29,"elt","AK",2,2,0.0693581780538302,0.0675548723588492,1,204,29,NA,"LT","2006-01-01","AK","2012-01-28","2016-01-18",1451,"2009-01-01",NA,NA,NA,FALSE,0,NA,"2013-01-27",TRUE,TRUE,9,0.106,0,"2012-11-26","2012-11-26",9,9,0.797,1,"2015-12-24","2015-10-17",65,40,"2013-01-27",62,62,25,93,0.0588235294117647
"30",30,30,30,30,30,"har","LT",NA,NA,NA,NA,NA,11,30,NA,NA,NA,"LT","2011-06-09","2012-08-28",446,NA,NA,NA,NA,FALSE,0,NA,"2012-06-08",TRUE,TRUE,1,0.816,0.819,"2012-06-08","2012-06-08",1,1,0.816,0.819,"2012-06-08","2012-06-08",1,1,"2012-06-08",0,0,81,81,NA
"31",31,31,31,31,31,"new","LT",NA,NA,NA,NA,NA,11,31,NA,NA,NA,"LT","2011-07-09","2014-01-25",931,NA,NA,NA,NA,FALSE,0,NA,"2012-07-08",TRUE,TRUE,13,0,0,"2012-06-12","2012-06-12",15,13,0,0,"2013-10-28","2013-10-28",17,14,"2012-07-08",26,26,89,89,NA
"32",32,32,32,32,32,"the","LT",NA,NA,NA,NA,NA,11,32,NA,NA,NA,"LT","2011-08-09","2012-02-09",184,NA,NA,NA,NA,FALSE,0,NA,"2012-08-08",TRUE,TRUE,8,1,1,"2012-06-04","2012-06-04",8,8,0.659,0.66,"2012-01-28","2012-01-28",7,7,"2012-08-08",65,65,12,12,NA
"33",33,33,33,33,33,"hwa","BD",15,17,0.590956261969193,0.478031574915513,17,349,33,"Hamba","AK","2011-09-16","BD","2016-06-07","2017-12-11",552,"2014-09-16",TRUE,1097,"hamb",TRUE,1097,0.558,"2017-06-07",TRUE,TRUE,25,0.485,0.058,"2017-05-29","2017-05-27",49,25,0.629,0.648,"2017-12-08","2017-12-08",108,71,"2017-06-07",9,11,3,3,0.3
"34",34,34,34,34,34,"vin","BD",16,19,0.563148480928424,0.00833663788758236,19,352,34,"Victoria","LT","2011-10-01","BD","2017-02-13","2018-11-19",644,"2014-10-01",TRUE,1097,"vict",TRUE,1097,0.237,"2018-02-13",TRUE,TRUE,17,0.551,0.339,"2018-02-02","2017-12-18",30,17,0.525,0.3,"2018-11-17","2018-11-17",70,52,"2018-02-13",11,57,2,2,0.296296296296296
"35",35,35,35,35,35,"spo","CR",NA,NA,NA,NA,NA,NA,35,"Snortjie","BD","2011-10-01","CR","2016-06-23","2018-04-07",653,"2014-10-01",TRUE,1097,"snor",TRUE,1097,0.332,"2017-06-23",TRUE,FALSE,0,NA,NA,NA,NA,0,0,1,1,"2017-09-16","2017-09-16",1,1,"2017-06-23",NA,NA,203,203,NA
"36",36,36,36,36,36,"nok","CR",NA,NA,NA,NA,NA,NA,36,"Numbies","BD","2011-10-26","CR","2016-06-15","2017-01-04",203,"2014-10-26",TRUE,1097,"numb",TRUE,1097,0.272,"2017-06-15",FALSE,TRUE,1,NA,NA,NA,NA,1,1,NA,NA,NA,NA,1,1,"2017-06-15",NA,NA,NA,NA,NA
"37",37,37,37,37,37,"lom","5males",NA,NA,NA,NA,NA,NA,37,"Lausanne","NH","2011-10-27","5males","2016-07-14","2016-07-14",0,"2014-10-27",FALSE,818,"laus",FALSE,818,0.341,"2017-07-14",NA,FALSE,0,NA,NA,NA,NA,0,0,NA,NA,NA,NA,0,0,"2017-07-14",NA,NA,NA,NA,NA
"38",38,38,38,38,38,"ogi","CR",NA,NA,NA,NA,NA,NA,38,"Oulik","BD","2011-11-02","CR","2016-06-10","2018-07-20",770,"2014-11-02",TRUE,1097,"ouli",TRUE,1097,0.977,"2017-06-10",TRUE,FALSE,0,NA,NA,NA,NA,0,0,0,0,"2017-12-05","2017-12-05",6,6,"2017-06-10",NA,NA,227,227,NA
"39",39,39,39,39,39,"art","LT",NA,NA,NA,NA,NA,NA,39,NA,NA,NA,"LT","2011-11-03","2012-02-14",103,NA,NA,NA,NA,FALSE,0,NA,"2012-11-02",TRUE,TRUE,1,0.472,0.463,"2012-01-03","2012-01-03",1,1,0.472,0.463,"2012-01-03","2012-01-03",1,1,"2012-11-02",304,304,42,42,NA
"40",40,40,40,40,40,"nil","KB",NA,NA,NA,NA,NA,NA,40,NA,NA,NA,"KB","2011-11-05","2014-11-17",1108,NA,NA,NA,NA,FALSE,0,NA,"2012-11-04",TRUE,FALSE,0,NA,NA,NA,NA,0,0,1,1,"2014-10-28","2014-09-25",9,4,"2012-11-04",NA,NA,20,53,NA
"41",41,41,41,41,41,"akk","CR",NA,NA,NA,NA,NA,NA,41,"Asis","BD","2011-11-07","CR","2016-06-10","2018-07-20",770,"2014-11-07",TRUE,1097,"asis",TRUE,1097,0.637,"2017-06-10",TRUE,FALSE,0,NA,NA,NA,NA,0,0,0.293,0.341,"2017-11-08","2017-11-08",3,3,"2017-06-10",NA,NA,254,254,NA
"42",42,42,42,42,42,"poe","CR",NA,NA,NA,NA,NA,NA,42,"Prinses","BD","2011-11-11","CR","2016-06-15","2018-07-20",765,"2014-11-11",TRUE,1097,"prin",TRUE,1097,0.736,"2017-06-15",TRUE,TRUE,1,NA,NA,NA,NA,1,1,1,1,"2017-12-05","2017-12-05",8,8,"2017-06-15",NA,NA,227,227,NA
"43",43,43,43,43,43,"jun","IF",NA,NA,NA,NA,NA,NA,43,"Jakarta","NH","2011-11-20","IF","2016-04-14","2016-10-25",194,"2014-11-20",TRUE,1097,"jaka",TRUE,1097,0.293,"2017-04-14",NA,FALSE,0,NA,NA,NA,NA,0,0,NA,NA,NA,NA,0,0,"2017-04-14",NA,NA,NA,NA,NA
"44",44,44,44,44,44,"ubu","BD",17,19,0.818241090827598,0.613928500303487,14,372,44,"Ulaka","AK","2011-11-21","BD","2016-05-28","2020-06-06",1470,"2014-11-21",FALSE,664,"ulak",FALSE,664,0.733,"2017-05-28",TRUE,TRUE,11,0.311,0.624,"2017-05-22","2017-04-28",17,11,0.77,0.801,"2020-05-09","2020-05-09",140,90,"2017-05-28",6,30,28,28,0.34
"45",45,45,45,45,45,"ulu","5males",NA,NA,NA,NA,NA,NA,45,"Uppsala","NH","2011-12-01","5males","2016-07-14","2016-07-14",0,"2014-12-01",TRUE,1097,"upps",TRUE,1097,0.508,"2017-07-14",NA,FALSE,0,NA,NA,NA,NA,0,0,NA,NA,NA,NA,0,0,"2017-07-14",NA,NA,NA,NA,NA
"46",46,46,46,46,46,"roo","CR",NA,NA,NA,NA,NA,NA,46,"Rissiepit","BD","2011-12-05","CR","2017-05-10","2018-07-20",436,"2014-12-05",TRUE,1097,"riss",TRUE,1097,0.135,"2018-05-10",TRUE,TRUE,1,0.638,0.705,"2017-11-13","2017-11-13",1,1,0.638,0.705,"2017-11-13","2017-11-13",1,1,"2018-05-10",178,178,249,249,NA
"47",47,47,47,47,47,"neu","BD",25,38,0.54269931345969,0.382850553466937,31,742,47,NA,"NH","2009-01-01","BD","2014-05-14","2020-12-14",2406,"2012-01-01",NA,NA,NA,FALSE,0,NA,"2015-05-14",TRUE,TRUE,10,0.509,0.708,"2014-12-08","2014-12-08",16,10,1,0.934,"2020-11-16","2020-11-16",290,188,"2015-05-14",157,157,28,28,0.431034482758621
"48",48,48,48,48,48,"tor","BD",29,42,0.591924888713743,0.416435354245726,31,816,48,"Troia","NH","2009-01-01","BD","2014-06-16","2016-02-13",607,"2012-01-01",FALSE,420,"troi",TRUE,420,NA,"2015-06-16",TRUE,TRUE,2,0.325,0.271,"2015-02-19","2014-12-08",6,2,0.502,0.321,"2015-12-11","2015-12-11",12,6,"2015-06-16",117,190,64,64,0.5
"49",49,49,49,49,49,"zur","BD",7,7,0.169974681388756,0.126876968530905,5,671,49,"Zara","NH","2009-01-01","BD","2014-06-03","2016-02-15",622,"2012-01-01",FALSE,420,"zara",TRUE,420,NA,"2015-06-03",TRUE,TRUE,5,0.315,0,"2014-12-01","2014-12-01",9,5,0.488,0,"2015-12-08","2015-11-12",24,10,"2015-06-03",184,184,69,95,0.120689655172414
"50",50,50,50,50,50,"pue","5males",NA,NA,NA,NA,NA,NA,50,"Paris","NH","2011-12-27","5males","2016-07-14","2016-07-14",0,"2014-12-27",TRUE,1097,"pari",TRUE,1097,0.711,"2017-07-14",NA,FALSE,0,NA,NA,NA,NA,0,0,NA,NA,NA,NA,0,0,"2017-07-14",NA,NA,NA,NA,NA
"51",51,51,51,51,51,"bon","AK",5,6,0.360539742212675,0.196546395691596,4,210,51,NA,NA,NA,"AK","2012-01-28","2013-04-25",453,NA,NA,NA,NA,FALSE,0,NA,"2013-01-27",TRUE,TRUE,11,0.341,0.484,"2013-01-07","2013-01-07",13,11,0.361,0.258,"2013-04-22","2013-04-22",17,13,"2013-01-27",20,20,3,3,0.147058823529412
"52",52,52,52,52,52,"gov","Intaka",NA,NA,NA,NA,NA,NA,52,"Gagasa","AK","2008-01-01","Intaka","2014-01-31","2014-06-13",133,"2011-01-01",TRUE,1097,"gaga",TRUE,1097,NA,"2015-01-31",NA,FALSE,0,NA,NA,NA,NA,0,0,NA,NA,NA,NA,0,0,"2015-01-31",NA,NA,NA,NA,NA
"53",53,53,53,53,53,"mna","LT",14,23,0.596820532804628,0.763244943242714,21,253,53,"Mamoobi","AK","2009-01-01","LT","2015-01-19","2018-06-07",1235,"2012-01-01",TRUE,1096,"mamo",TRUE,1096,NA,"2016-01-19",TRUE,TRUE,4,0.705,1,"2015-11-14","2015-11-14",4,4,0.502,0,"2018-04-05","2018-04-05",26,17,"2016-01-19",66,66,63,63,0.325581395348837
"54",54,54,54,54,54,"vol","LT",NA,NA,NA,NA,NA,1,54,NA,NA,NA,"LT","2012-02-03","2014-06-03",851,NA,NA,NA,NA,FALSE,0,NA,"2013-02-02",TRUE,TRUE,1,0.457,0.428,"2012-06-12","2012-06-12",1,1,0.424,0.562,"2013-10-28","2013-10-28",2,2,"2013-02-02",235,235,218,218,NA
"55",55,55,55,55,55,"ahe","AK",13,21,0.56745634881127,0.677998987335871,18,119,55,NA,NA,NA,"AK","2010-12-18","2012-02-24",433,NA,NA,NA,NA,FALSE,0,NA,"2011-12-18",TRUE,TRUE,5,0.981,1,"2011-12-15","2011-12-15",24,5,0.981,1,"2011-12-15","2011-12-15",24,5,"2011-12-18",3,3,71,71,0.52
"56",56,56,56,56,56,"auc","NH",NA,NA,NA,NA,NA,11,56,NA,NA,NA,"NH","2012-02-27","2014-09-25",941,NA,NA,NA,NA,FALSE,0,NA,"2013-02-26",TRUE,TRUE,2,0.336,0,"2012-05-29","2012-05-29",2,2,0.599,1,"2014-07-18","2014-06-21",11,9,"2013-02-26",273,273,69,96,NA
"57",57,57,57,57,57,"sty","NH",NA,NA,NA,NA,NA,NA,57,NA,"KB","2009-01-01","NH","2014-05-24","2016-03-29",675,"2012-01-01",NA,NA,NA,FALSE,0,NA,"2015-05-24",TRUE,FALSE,0,NA,NA,NA,NA,0,0,0.528,0.56,"2015-12-31","2015-12-31",5,5,"2015-05-24",NA,NA,89,89,NA
"58",58,58,58,58,58,"twe","NH",NA,NA,NA,NA,NA,NA,58,NA,"KB","2010-12-01","NH","2014-05-24","2019-09-06",1931,"2013-12-01",NA,NA,NA,FALSE,0,NA,"2015-05-24",TRUE,FALSE,0,NA,NA,NA,NA,0,0,0.846,1,"2019-09-04","2019-08-30",148,50,"2015-05-24",NA,NA,2,7,NA
"59",59,59,59,59,59,"che","NH",5,9,0.833044733044733,0.0904539726563901,6,187,59,NA,NA,NA,"NH","2012-04-28","2014-05-26",758,NA,NA,NA,NA,FALSE,0,NA,"2013-04-28",TRUE,TRUE,27,0.582,0,"2013-04-22","2013-04-22",38,27,0.741,0.427,"2014-05-24","2014-05-24",51,33,"2013-04-28",6,6,2,2,0.119047619047619
"60",60,60,60,60,60,"gel","LT",NA,NA,NA,NA,NA,NA,60,"Gagasa","AK","2007-01-01","LT","2012-06-04","2013-10-28",511,"2010-01-01",TRUE,1097,"gaga",TRUE,1097,NA,"2013-06-04",TRUE,TRUE,2,0.266,0.418,"2012-09-29","2012-09-29",3,2,0.216,0.085,"2013-10-28","2013-10-28",8,5,"2013-06-04",248,248,0,0,NA
"61",61,61,61,61,61,"sha","LT",NA,NA,NA,NA,NA,NA,61,NA,NA,NA,"LT","2012-06-08","2015-02-23",990,NA,NA,NA,NA,FALSE,0,NA,"2013-06-08",TRUE,TRUE,1,0.705,0.862,"2012-09-29","2012-09-29",1,1,0.696,0.131,"2014-09-17","2014-07-28",18,4,"2013-06-08",252,252,159,210,NA
"62",62,62,62,62,62,"edw","LT",NA,NA,NA,NA,NA,NA,62,NA,NA,NA,"LT","2012-06-12","2014-11-12",883,NA,NA,NA,NA,FALSE,0,NA,"2013-06-12",TRUE,FALSE,0,NA,NA,NA,NA,0,0,0.996,1,"2014-08-29","2014-07-28",11,5,"2013-06-12",NA,NA,75,107,NA
"63",63,63,63,63,63,"gar","5males",NA,NA,NA,NA,NA,NA,63,"Geneva","NH","2012-10-11","5males","2016-07-14","2016-07-14",0,"2015-10-11",TRUE,1096,"gene",TRUE,1096,0.953,"2017-07-14",NA,FALSE,0,NA,NA,NA,NA,0,0,NA,NA,NA,NA,0,0,"2017-07-14",NA,NA,NA,NA,NA
"64",64,64,64,64,64,"nyo","BD",8,8,0.552511328827118,0.00598280776514732,7,323,64,"Nkosikasi","AK","2012-10-22","BD","2017-05-16","2018-11-19",552,"2015-10-22",FALSE,0,NA,FALSE,0,NA,"2018-05-16",TRUE,TRUE,26,0.394,0.208,"2018-04-06","2018-04-06",41,26,0.51,0.306,"2018-10-25","2018-10-25",66,49,"2018-05-16",40,40,25,25,0.133333333333333
"65",65,65,65,65,65,"unw","BD",12,13,0.5242012336184,0.0161960462313606,13,210,65,"Ulaka","AK","2012-10-22","BD","2017-05-04","2017-12-07",217,"2015-10-22",FALSE,328,"ulak",FALSE,328,0.7,"2018-05-04",FALSE,TRUE,18,0.541,0.468,"2017-12-06","2017-12-06",31,18,0.541,0.468,"2017-12-06","2017-12-06",31,18,"2018-05-04",149,149,1,1,0.222222222222222
"66",66,66,66,66,66,"rhe","BD",1,1,0.5,1,1,263,66,"Roma","NH","2012-10-27","BD","2017-12-05","2021-09-27",1392,"2015-10-27",TRUE,1096,"roma",TRUE,1096,0.114,"2018-12-05",TRUE,TRUE,17,0.558,0.531,"2018-12-03","2018-12-03",20,17,0.399,0.454,"2021-09-17","2021-09-17",110,80,"2018-12-05",2,2,10,10,0.0169491525423729
"67",67,67,67,67,67,"vul","NH",36,71,0.620651953492683,0.419294584516987,62,469,67,"Vroutjie","BD","2012-11-14","NH","2020-04-16","2025-03-17",1796,"2015-11-14",TRUE,1096,"vrou",TRUE,1096,NA,"2021-04-16",TRUE,TRUE,17,0.294,0.574,"2021-04-07","2021-04-07",28,17,0.554,0.577,"2024-11-04","2024-11-04",154,105,"2021-04-16",9,9,133,133,0.782608695652174
"68",68,68,68,68,68,"hlo","BD",15,19,0.480774117870718,0.00912084669026143,19,357,68,"Hleka","AK","2012-12-23","BD","2017-05-16","2019-11-20",918,"2015-12-23",FALSE,1059,"hlek",FALSE,1059,0.564,"2018-05-16",TRUE,TRUE,33,0.383,0,"2018-05-15","2018-05-15",58,33,0.697,0.526,"2019-10-31","2019-10-30",131,76,"2018-05-16",1,1,20,21,0.254237288135593
"69",69,69,69,69,69,"fud","AK",7,7,0.0684951552900628,0.0420882454613956,7,501,69,NA,NA,NA,"AK","2013-06-11","2015-09-11",822,NA,NA,NA,NA,FALSE,0,NA,"2014-06-11",TRUE,TRUE,4,0.298,0,"2014-05-26","2014-05-26",4,4,0.368,0.178,"2015-06-02","2015-06-02",10,8,"2014-06-11",16,16,101,101,0.189189189189189
"70",70,70,70,70,70,"can","NH",NA,NA,NA,NA,NA,432,70,NA,NA,NA,"NH","2013-06-28","2016-02-25",972,NA,NA,NA,NA,FALSE,0,NA,"2014-06-28",TRUE,TRUE,4,0.37,0.024,"2014-01-03","2014-01-03",5,4,0.397,0,"2015-08-21","2015-08-21",6,5,"2014-06-28",176,176,188,188,NA
"71",71,71,71,71,71,"uji","Jacaranda",NA,NA,NA,NA,NA,NA,71,"Uppsala","NH","2013-10-31","Jacaranda","2018-05-26","2018-05-26",0,"2016-10-31",TRUE,1097,"upps",TRUE,1097,0.681,"2019-05-26",NA,FALSE,0,NA,NA,NA,NA,0,0,NA,NA,NA,NA,0,0,"2019-05-26",NA,NA,NA,NA,NA
"72",72,72,72,72,72,"avo","NH",1,1,0.5,0.707027283725522,1,22,72,"Amazon","KB","2013-11-11","NH","2018-05-14","2018-06-12",29,"2016-11-11",FALSE,561,"amaz",FALSE,561,0.497,"2019-05-14",TRUE,TRUE,1,0.387,0,"2018-05-31","2018-05-31",2,1,0.387,0,"2018-05-31","2018-05-31",2,1,"2019-05-14",348,348,12,12,0.024390243902439
"73",73,73,73,73,73,"gla","Jacaranda",NA,NA,NA,NA,NA,NA,73,"Geneva","NH","2013-11-12","Jacaranda","2018-05-28","2018-05-28",0,"2016-11-12",TRUE,1097,"gene",TRUE,1097,0.94,"2019-05-28",NA,FALSE,0,NA,NA,NA,NA,0,0,NA,NA,NA,NA,0,0,"2019-05-28",NA,NA,NA,NA,NA
"74",74,74,74,74,74,"yan","NH",18,21,0.527047486443415,0.490613581377914,17,283,74,"Yenissei","KB","2013-01-01","NH","2018-05-14","2020-01-27",623,"2016-01-01",TRUE,1096,"yeni",TRUE,1096,NA,"2019-05-14",TRUE,TRUE,13,0.219,0,"2019-05-11","2019-04-10",39,13,0.438,0,"2019-12-02","2019-08-17",47,19,"2019-05-14",3,34,56,163,0.428571428571429
"75",75,75,75,75,75,"jag","BD",9,11,0.171958490250813,0.154451406651351,10,799,75,NA,NA,NA,"BD","2014-05-08","2015-01-10",247,NA,NA,NA,NA,FALSE,0,NA,"2015-05-08",FALSE,TRUE,2,0.461,0.595,"2014-12-23","2014-12-23",2,2,0.461,0.595,"2014-12-23","2014-12-23",2,2,"2015-05-08",136,136,18,18,0.155172413793103
"76",76,76,76,76,76,"dow","LT",NA,NA,NA,NA,NA,NA,76,NA,NA,NA,"LT","2014-05-28","2014-07-09",42,NA,NA,NA,NA,FALSE,0,NA,"2015-05-28",FALSE,FALSE,0,NA,NA,NA,NA,0,0,NA,NA,NA,NA,0,0,"2015-05-28",NA,NA,NA,NA,NA
"77",77,77,77,77,77,"umz","AK",3,4,0.200358851674641,0.0557067780028163,4,466,77,NA,NA,NA,"AK","2014-06-09","2015-09-12",460,NA,NA,NA,NA,FALSE,0,NA,"2015-06-09",TRUE,TRUE,5,0.167,0,"2015-06-02","2015-06-02",5,5,0.167,0,"2015-06-02","2015-06-02",5,5,"2015-06-09",7,7,102,102,0.0697674418604651
"78",78,78,78,78,78,"dap","BD",23,30,0.403988175893005,0.322382802953794,22,850,78,NA,NA,NA,"BD","2014-07-01","2016-01-27",575,NA,NA,NA,NA,FALSE,0,NA,"2015-07-01",TRUE,TRUE,1,0.376,0.393,"2015-04-25","2015-04-25",1,1,0.349,0.341,"2015-11-27","2015-07-18",5,2,"2015-07-01",67,67,61,193,0.370967741935484
"79",79,79,79,79,79,"ada","LT",11,11,0.470418582056513,0.146163834667078,11,486,79,NA,NA,NA,"LT","2014-08-14","2016-11-14",823,NA,NA,NA,NA,FALSE,0,NA,"2015-08-14",TRUE,TRUE,3,0.385,0,"2015-06-26","2015-06-26",5,3,0.181,0,"2016-10-11","2016-10-11",13,10,"2015-08-14",49,49,34,34,0.25
"80",80,80,80,80,80,"gaa","CR",NA,NA,NA,NA,NA,NA,80,"Gesels","BD","2014-10-20","CR","2019-06-18","2019-06-18",0,"2017-10-20",TRUE,1097,"gese",TRUE,1097,0.44,"2020-06-17",FALSE,FALSE,0,NA,NA,NA,NA,0,0,NA,NA,NA,NA,0,0,"2020-06-17",NA,NA,NA,NA,NA
"81",81,81,81,81,81,"mat","BD",38,48,0.83581492725573,0.69342570767024,37,662,81,"Mamoobi","AK","2014-10-21","BD","2020-02-17","2021-01-30",348,"2017-10-21",TRUE,1097,"mamo",TRUE,1097,0.137,"2021-02-16",TRUE,TRUE,16,0.495,0.24,"2021-01-13","2021-01-13",21,16,0.495,0.24,"2021-01-13","2021-01-13",21,16,"2021-02-16",34,34,17,17,0.612903225806452
"82",82,82,82,82,82,"hei","CR",NA,NA,NA,NA,NA,NA,82,"Heerlik","BD","2014-10-31","CR","2021-04-01","2021-04-02",1,"2017-10-31",TRUE,1097,"heer",TRUE,1097,0.488,"2022-04-01",FALSE,FALSE,0,NA,NA,NA,NA,0,0,NA,NA,NA,NA,0,0,"2022-04-01",NA,NA,NA,NA,NA
"83",83,83,83,83,83,"ihl","IF",NA,NA,NA,NA,NA,NA,83,"Isilonda","AK","2014-11-03","IF","2016-04-29","2017-04-07",343,"2017-11-03",FALSE,887,"isil",FALSE,887,0.264,"2017-04-29",NA,FALSE,0,NA,NA,NA,NA,0,0,NA,NA,NA,NA,0,0,"2017-04-29",NA,NA,NA,NA,NA
"84",84,84,84,84,84,"ted","BD",NA,NA,NA,NA,NA,596,84,"Chiloe","CR","2014-11-12","BD","2019-05-25","2022-05-19",1090,"2017-11-12",FALSE,1042,"chil",TRUE,1042,NA,"2020-05-24",TRUE,TRUE,26,0.305,0,"2020-05-09","2020-05-09",41,26,0.085,0,"2022-05-10","2022-05-10",108,67,"2020-05-24",15,15,9,9,NA
"85",85,85,85,85,85,"obe","CR",NA,NA,NA,NA,NA,NA,85,"Oulik","BD","2014-11-15","CR","2020-08-06","2022-02-22",565,"2017-11-15",TRUE,1097,"ouli",TRUE,1097,0.988,"2021-08-06",TRUE,TRUE,2,0,0,"2021-06-23","2021-06-23",2,2,0.494,0,"2022-02-07","2022-02-07",8,4,"2021-08-06",44,44,15,15,NA
"86",86,86,86,86,86,"pro","BD",10,16,0.466822256334452,0.40046214579791,15,532,86,"Pretoria","NH","2014-11-19","BD","2019-07-13","2022-04-16",1008,"2017-11-19",TRUE,1097,"pret",TRUE,1097,0.426,"2020-07-12",TRUE,TRUE,12,0.633,0.412,"2020-07-08","2020-07-01",22,12,0.609,1,"2022-04-13","2022-04-13",57,30,"2020-07-12",4,11,3,3,0.151515151515152
"87",87,87,87,87,87,"tha","KB",NA,NA,NA,NA,NA,349,87,NA,NA,NA,"KB","2014-11-19","2015-08-26",280,NA,NA,NA,NA,FALSE,0,NA,"2015-11-19",FALSE,TRUE,8,0.684,0.582,"2015-06-29","2015-06-29",8,8,0.684,0.582,"2015-06-29","2015-06-29",8,8,"2015-11-19",143,143,58,58,NA
"88",88,88,88,88,88,"jap","CR",NA,NA,NA,NA,NA,NA,88,NA,NA,NA,"CR","2014-11-20","2015-05-15",176,NA,NA,NA,NA,FALSE,0,NA,"2015-11-20",FALSE,FALSE,0,NA,NA,NA,NA,0,0,NA,NA,NA,NA,0,0,"2015-11-20",NA,NA,NA,NA,NA
"89",89,89,89,89,89,"ker","CR",NA,NA,NA,NA,NA,NA,89,NA,NA,NA,"CR","2014-12-30","2015-05-26",147,NA,NA,NA,NA,FALSE,0,NA,"2015-12-30",FALSE,FALSE,0,NA,NA,NA,NA,0,0,NA,NA,NA,NA,0,0,"2015-12-30",NA,NA,NA,NA,NA
"90",90,90,90,90,90,"pal","BD",16,20,0.53504606946266,0.00811452152388984,17,387,90,NA,"CR","2012-01-01","BD","2016-12-07","2022-03-01",1910,"2015-01-01",NA,NA,NA,FALSE,0,NA,"2017-12-07",TRUE,TRUE,58,0.733,1,"2017-12-06","2017-12-06",95,58,0.75,1,"2022-02-07","2022-01-18",377,251,"2017-12-07",1,1,22,42,0.296296296296296
"91",91,91,91,91,91,"sol","CR",NA,NA,NA,NA,NA,NA,91,NA,NA,NA,"CR","2014-12-30","2017-01-28",760,NA,NA,NA,NA,FALSE,0,NA,"2015-12-30",TRUE,FALSE,0,NA,NA,NA,NA,0,0,NA,NA,NA,NA,0,0,"2015-12-30",NA,NA,NA,NA,NA
"92",92,92,92,92,92,"boc","CR",NA,NA,NA,NA,NA,NA,92,NA,NA,NA,"CR","2014-12-31","2017-01-21",752,NA,NA,NA,NA,FALSE,0,NA,"2015-12-31",TRUE,FALSE,0,NA,NA,NA,NA,0,0,NA,NA,NA,NA,0,0,"2015-12-31",NA,NA,NA,NA,NA
"93",93,93,93,93,93,"han","BD",9,9,0.422876272344357,0.00543220523489173,7,341,93,NA,"CR","2012-01-01","BD","2017-05-06","2020-03-04",1033,"2015-01-01",NA,NA,NA,FALSE,0,NA,"2018-05-06",TRUE,TRUE,25,0.391,0.073,"2018-04-18","2018-04-06",32,25,0.401,0.079,"2020-02-26","2020-02-26",91,68,"2018-05-06",18,30,7,7,0.152542372881356
"94",94,94,94,94,94,"mac","CR",NA,NA,NA,NA,NA,NA,94,NA,NA,NA,"CR","2014-12-31","2016-05-20",506,NA,NA,NA,NA,FALSE,0,NA,"2015-12-31",TRUE,FALSE,0,NA,NA,NA,NA,0,0,NA,NA,NA,NA,0,0,"2015-12-31",NA,NA,NA,NA,NA
"95",95,95,95,95,95,"sey","BD",22,31,0.530818076051887,0.564782116013793,28,608,95,"Samoa","CR","2014-01-01","BD","2019-05-21","2024-03-07",1752,"2017-01-01",FALSE,733,"samo",TRUE,733,NA,"2020-05-20",TRUE,TRUE,12,0.461,0.209,"2020-04-03","2020-04-03",25,12,0.752,0.909,"2024-02-13","2023-12-05",169,77,"2020-05-20",47,47,23,93,0.318840579710145
"96",96,96,96,96,96,"hen","CR",NA,NA,NA,NA,NA,NA,96,NA,NA,NA,"CR","2015-01-06","2015-05-26",140,NA,NA,NA,NA,FALSE,0,NA,"2016-01-06",FALSE,FALSE,0,NA,NA,NA,NA,0,0,NA,NA,NA,NA,0,0,"2016-01-06",NA,NA,NA,NA,NA
"97",97,97,97,97,97,"xiu","CR",NA,NA,NA,NA,NA,NA,97,NA,NA,NA,"CR","2015-11-13","2023-04-03",2698,NA,NA,NA,NA,FALSE,0,NA,"2016-11-12",TRUE,FALSE,0,NA,NA,NA,NA,0,0,1,1,"2022-05-17","2022-05-17",9,5,"2016-11-12",NA,NA,321,321,NA
"98",98,98,98,98,98,"bas","BD",NA,NA,NA,NA,NA,NA,98,NA,"CR",NA,"BD","2017-05-05","2021-02-19",1386,NA,NA,NA,NA,FALSE,0,NA,"2018-05-05",TRUE,FALSE,0,NA,NA,NA,NA,0,0,0.773,0.647,"2021-01-21","2021-01-21",55,40,"2018-05-05",NA,NA,29,29,NA
"99",99,99,99,99,99,"olo","KB",NA,NA,NA,NA,NA,161,99,NA,NA,NA,"KB","2015-04-03","2015-05-25",52,NA,NA,NA,NA,FALSE,0,NA,"2016-04-02",FALSE,TRUE,2,0.682,0.864,"2015-05-25","2015-05-25",2,2,0.682,0.864,"2015-05-25","2015-05-25",2,2,"2016-04-02",313,313,0,0,NA
"100",100,100,100,100,100,"ati","KB",11,16,0.318588549599657,0.200759962988602,10,265,100,NA,NA,NA,"KB","2015-04-28","2016-01-25",272,NA,NA,NA,NA,FALSE,0,NA,"2016-04-27",TRUE,TRUE,2,0.632,1,"2015-12-17","2015-12-17",2,2,0.632,1,"2015-12-17","2015-12-17",2,2,"2016-04-27",132,132,39,39,0.458333333333333
"101",101,101,101,101,101,"lif","KB",19,123,0.61081461720836,0.591993842156588,81,301,101,NA,NA,NA,"KB","2015-04-28","2021-05-31",2225,NA,NA,NA,NA,FALSE,0,NA,"2016-04-27",TRUE,TRUE,9,1,0.332,"2016-04-19","2015-11-03",25,9,1,0.332,"2021-05-31","2015-11-03",105,9,"2016-04-27",8,176,0,2036,0.826086956521739
"102",102,102,102,102,102,"oka","KB",NA,NA,NA,NA,NA,132,102,NA,NA,NA,"KB","2015-05-04","2015-10-29",178,NA,NA,NA,NA,FALSE,0,NA,"2016-05-03",FALSE,TRUE,4,0.605,0.573,"2015-08-03","2015-08-03",4,4,0.605,0.573,"2015-08-03","2015-08-03",4,4,"2016-05-03",274,274,87,87,NA
"103",103,103,103,103,103,"wes","LT",NA,NA,NA,NA,NA,NA,103,NA,NA,"2015-05-20","LT","2015-05-20","2018-02-20",1007,"2018-05-20",NA,NA,NA,FALSE,0,NA,"2016-05-19",TRUE,FALSE,0,NA,NA,NA,NA,0,0,NA,NA,NA,NA,0,0,"2016-05-19",NA,NA,NA,NA,NA
"104",104,104,104,104,104,"col","KB",7,12,0.196946348022685,0.169608901842155,10,233,104,NA,NA,NA,"KB","2015-05-25","2016-05-11",352,NA,NA,NA,NA,FALSE,0,NA,"2016-05-24",TRUE,TRUE,4,0,0,"2015-12-17","2015-12-17",4,4,0,0,"2015-12-17","2015-12-17",4,4,"2016-05-24",159,159,146,146,0.291666666666667
"105",105,105,105,105,105,"van","CR",NA,NA,NA,NA,NA,NA,105,NA,NA,NA,"CR","2015-09-01","2018-05-28",1000,NA,NA,NA,NA,FALSE,0,NA,"2016-08-31",TRUE,FALSE,0,NA,NA,NA,NA,0,0,NA,NA,NA,NA,0,0,"2016-08-31",NA,NA,NA,NA,NA
"106",106,106,106,106,106,"pia","CR",NA,NA,NA,NA,NA,NA,106,NA,NA,NA,"CR","2015-09-26","2016-07-15",293,NA,NA,NA,NA,FALSE,0,NA,"2016-09-25",FALSE,FALSE,0,NA,NA,NA,NA,0,0,NA,NA,NA,NA,0,0,"2016-09-25",NA,NA,NA,NA,NA
"107",107,107,107,107,107,"zav","CR",NA,NA,NA,NA,NA,NA,107,NA,NA,NA,"CR","2015-10-28","2017-02-17",478,NA,NA,NA,NA,FALSE,0,NA,"2016-10-27",TRUE,FALSE,0,NA,NA,NA,NA,0,0,NA,NA,NA,NA,0,0,"2016-10-27",NA,NA,NA,NA,NA
"108",108,108,108,108,108,"ula","IF",NA,NA,NA,NA,NA,NA,108,"Uppsala","NH","2015-11-16","IF","2020-12-09","2021-01-15",37,"2018-11-16",TRUE,1097,"upps",TRUE,1097,0.71,"2021-12-09",FALSE,FALSE,0,NA,NA,NA,NA,0,0,NA,NA,NA,NA,0,0,"2021-12-09",NA,NA,NA,NA,NA
"109",109,109,109,109,109,"pru","IF",NA,NA,NA,NA,NA,NA,109,"Pretoria","NH","2015-11-23","IF","2020-12-09","2024-02-20",1168,"2018-11-23",TRUE,1097,"pret",TRUE,1097,0.42,"2021-12-09",TRUE,FALSE,0,NA,NA,NA,NA,0,0,0.891,0,"2024-01-18","2023-03-24",5,1,"2021-12-09",NA,NA,33,333,NA
"110",110,110,110,110,110,"rey","IF",NA,NA,NA,NA,NA,NA,110,"Reva","NH","2015-11-23","IF","2020-12-09","2022-05-22",529,"2018-11-23",TRUE,1097,"reva",TRUE,1097,0.129,"2021-12-09",TRUE,FALSE,0,NA,NA,NA,NA,0,0,NA,NA,NA,NA,0,0,"2021-12-09",NA,NA,NA,NA,NA
"111",111,111,111,111,111,"kau","CR",NA,NA,NA,NA,NA,NA,111,NA,NA,NA,"CR","2015-11-28","2017-01-04",403,NA,NA,NA,NA,FALSE,0,NA,"2016-11-27",TRUE,FALSE,0,NA,NA,NA,NA,0,0,NA,NA,NA,NA,0,0,"2016-11-27",NA,NA,NA,NA,NA
"112",112,112,112,112,112,"yel","CR",NA,NA,NA,NA,NA,NA,112,NA,NA,NA,"CR","2015-11-28","2017-01-03",402,NA,NA,NA,NA,FALSE,0,NA,"2016-11-27",TRUE,FALSE,0,NA,NA,NA,NA,0,0,NA,NA,NA,NA,0,0,"2016-11-27",NA,NA,NA,NA,NA
"113",113,113,113,113,113,"rat","LT",18,35,0.560572922891317,0.567515341650374,31,224,113,"Rissiepit","BD","2015-11-30","LT","2021-05-21","2021-12-18",211,"2018-11-30",TRUE,1097,"riss",TRUE,1097,0.203,"2022-05-21",TRUE,TRUE,6,0.404,0.4,"2021-12-10","2021-12-10",11,6,0.404,0.4,"2021-12-10","2021-12-10",11,6,"2022-05-21",162,162,8,8,0.529411764705882
"114",114,114,114,114,114,"ber","SplitCR",NA,NA,NA,NA,NA,NA,114,"Barbados","CR","2014-01-01","SplitCR","2017-02-12","2017-04-10",57,"2017-01-01",FALSE,452,"barb",TRUE,452,NA,"2018-02-12",NA,FALSE,0,NA,NA,NA,NA,0,0,NA,NA,NA,NA,0,0,"2018-02-12",NA,NA,NA,NA,NA
"115",115,115,115,115,115,"umb","BD",NA,NA,NA,NA,NA,608,115,"Umnak","CR","2014-01-01","BD","2019-05-27","2023-12-23",1671,"2017-01-01",FALSE,691,"umna",TRUE,691,NA,"2020-05-26",TRUE,TRUE,16,0.571,0.35,"2020-05-25","2020-05-25",26,16,0.616,0.669,"2023-10-17","2023-07-07",106,60,"2020-05-26",1,1,67,169,NA
"116",116,116,116,116,116,"xia","BD",15,15,0.622801830522419,0.53023532567574,13,736,116,"Xian","NH","2016-11-14","BD","2022-02-14","2022-06-13",119,"2019-11-14",TRUE,1096,"xian",TRUE,1096,0.582,"2023-02-14",TRUE,TRUE,18,0.366,0.136,"2023-01-30","2023-01-30",42,18,0.343,0.11,"2022-06-13","2022-06-13",16,6,"2023-02-14",15,15,0,0,0.214285714285714
"117",117,117,117,117,117,"nge","BD",34,39,0.934425155193663,0.887419346597855,29,750,117,"Nkosikasi","AK","2016-11-18","BD","2022-02-07","2023-03-01",387,"2019-11-18",FALSE,0,NA,FALSE,0,NA,"2023-02-07",TRUE,TRUE,11,0.26,0,"2023-01-30","2023-01-30",31,11,0.26,0,"2023-01-30","2023-01-30",31,11,"2023-02-07",8,8,30,30,0.485714285714286
"118",118,118,118,118,118,"tyl","LT",NA,NA,NA,NA,NA,5,118,NA,NA,NA,"LT","2017-05-22","2018-02-07",261,NA,NA,NA,NA,FALSE,0,NA,"2018-05-22",FALSE,TRUE,1,0.374,0.117,"2017-08-30","2017-07-14",5,1,0.374,0.117,"2017-08-30","2017-07-14",5,1,"2018-05-22",265,312,161,208,NA
"119",119,119,119,119,120,"dok",NA,23,40,0.653905353353838,0.612164799554912,35,596,120,"Dulcina","CR","2014-01-01","BD","2019-05-30","2022-07-21",1148,"2017-01-01",FALSE,1,"dulc",FALSE,1,NA,"2020-05-29",TRUE,TRUE,10,0.561,0.316,"2020-05-20","2020-05-20",21,10,0.496,0.498,"2022-07-15","2022-06-30",66,41,"2020-05-29",9,9,6,21,0.333333333333333
"120",120,120,120,120,121,"fen",NA,8,10,0.418428507766743,7.66715303923255e-16,10,340,121,NA,NA,NA,"BD","2017-09-01","2020-01-10",861,NA,NA,NA,NA,FALSE,0,NA,"2018-09-01",TRUE,TRUE,14,0.476,0.326,"2018-08-04","2018-08-04",14,14,0.435,0.213,"2019-11-13","2019-11-13",39,26,"2018-09-01",28,28,58,58,0.133333333333333
"121",121,121,121,121,122,"kom",NA,NA,NA,NA,NA,NA,NA,122,NA,NA,NA,"AK","2019-10-09","2019-10-09",0,NA,NA,NA,NA,FALSE,0,NA,"2020-10-08",TRUE,FALSE,0,NA,NA,NA,NA,0,0,NA,NA,NA,NA,0,0,"2020-10-08",NA,NA,NA,NA,NA
"122",122,122,122,122,123,"aar",NA,NA,NA,NA,NA,NA,9,123,"Aare","KB","2017-10-09","IF","2023-01-30","2023-10-01",244,"2020-10-09",TRUE,1097,"aare",TRUE,1097,0.406,"2024-01-30",FALSE,TRUE,4,1,1,"2023-06-16","2023-06-16",4,4,1,1,"2023-06-16","2023-06-16",4,4,"2024-01-30",228,228,107,107,NA
"123",123,123,123,123,124,"rocky",NA,NA,NA,NA,NA,NA,NA,124,"Rose-Mary","LT",NA,"LTsplit","2018-02-21","2018-03-03",10,NA,NA,NA,"rose",FALSE,0,NA,"2019-02-21",NA,FALSE,0,NA,NA,NA,NA,0,0,NA,NA,NA,NA,0,0,"2019-02-21",NA,NA,NA,NA,NA
"124",124,124,124,124,125,"xin",NA,16,16,0.628837331063497,0.377023409133806,15,668,125,"Xian","NH","2017-01-01","BD","2022-07-16","2024-11-25",863,"2020-01-01",TRUE,1096,"xian",TRUE,1096,0.593,"2023-07-16",TRUE,TRUE,14,0.319,0.136,"2023-07-11","2023-07-11",32,14,0.46,0.697,"2024-11-20","2024-11-20",63,35,"2023-07-16",5,5,5,5,0.213333333333333
"125",125,125,125,125,126,"nak",NA,32,42,0.846186941002549,0.667282265852536,36,736,126,"Nkosikasi","AK","2017-10-31","BD","2022-05-06","2023-12-28",601,"2020-10-31",FALSE,0,NA,FALSE,0,NA,"2023-05-06",TRUE,TRUE,18,0.552,0.767,"2023-05-04","2023-04-14",50,18,0.644,0.89,"2023-12-14","2023-12-08",67,30,"2023-05-06",2,22,14,20,0.447552447552448
"126",126,126,126,126,127,"bkay17",NA,NA,NA,NA,NA,NA,NA,127,"Kaya","LT","2017-11-04","LTsplit","2018-02-21","2018-03-03",10,"2020-11-04",FALSE,120,"kaya",FALSE,120,0.155,"2019-02-21",NA,FALSE,0,NA,NA,NA,NA,0,0,NA,NA,NA,NA,0,0,"2019-02-21",NA,NA,NA,NA,NA
"127",127,127,127,127,128,"pun",NA,NA,NA,NA,NA,NA,NA,128,NA,NA,"2018-03-02","BD","2018-03-02","2018-07-24",144,"2021-03-02",NA,NA,NA,FALSE,0,NA,"2019-03-02",FALSE,FALSE,0,NA,NA,NA,NA,0,0,NA,NA,NA,NA,0,0,"2019-03-02",NA,NA,NA,NA,NA
"128",128,128,128,128,129,"cus",NA,4,5,0.359203296703297,0.350159962538445,5,125,129,NA,NA,NA,"NH","2018-05-21","2018-12-17",210,NA,NA,NA,NA,FALSE,0,NA,"2019-05-21",TRUE,TRUE,13,0.55,0.211,"2018-11-24","2018-11-22",21,13,0.55,0.211,"2018-11-24","2018-11-22",21,13,"2019-05-21",178,180,23,25,0.108108108108108
"129",129,129,129,129,130,"osc",NA,NA,NA,NA,NA,NA,NA,130,NA,NA,NA,"LT","2018-06-07","2019-02-06",244,NA,NA,NA,NA,FALSE,0,NA,"2019-06-07",FALSE,FALSE,0,NA,NA,NA,NA,0,0,NA,NA,NA,NA,0,0,"2019-06-07",NA,NA,NA,NA,NA
"130",130,130,130,130,131,"ben",NA,7,8,0.736117477293948,0.215892756946737,6,91,131,NA,NA,NA,"LT","2018-06-08","2020-07-18",771,NA,NA,NA,NA,FALSE,0,NA,"2019-06-08",TRUE,FALSE,0,0.515,NA,"2019-06-08",NA,10,0,0.924,0.601,"2020-05-26","2020-05-26",27,8,"2019-06-08",0,NA,53,53,0.259259259259259
"131",131,131,131,131,132,"guz",NA,NA,NA,NA,NA,NA,NA,132,"Gugu","AK","2018-10-01","IF","2023-05-22","2024-04-17",331,"2021-10-01",FALSE,900,"gugu",FALSE,900,0.91,"2024-05-21",FALSE,FALSE,0,NA,NA,NA,NA,0,0,NA,NA,NA,NA,0,0,"2024-05-21",NA,NA,NA,NA,NA
"132",132,132,132,132,133,"yaz",NA,8,10,0.687475024975025,0.188265426196518,8,207,133,"Yalu","KB","2018-11-14","BD","2024-04-24","2025-01-09",260,"2021-11-14",FALSE,794,"yalu",FALSE,794,0.985,"2025-04-24",FALSE,TRUE,11,0.464,0.465,"2024-12-17","2024-12-17",16,11,0.464,0.465,"2024-12-17","2024-12-17",16,11,"2025-04-24",128,128,23,23,0.19047619047619
"133",133,133,133,133,134,"gil",NA,NA,NA,NA,NA,NA,NA,134,"Ginqinka","AK","2018-11-20","IF","2023-05-22","2024-09-05",472,"2021-11-20",TRUE,1097,"ginq",TRUE,1097,0.698,"2024-05-21",TRUE,FALSE,0,NA,NA,NA,NA,0,0,NA,NA,NA,NA,0,0,"2024-05-21",NA,NA,NA,NA,NA
"134",134,134,134,134,135,"non",NA,NA,NA,NA,NA,NA,NA,135,"Nooiens","BD","2018-11-22","PR","2024-01-31","2024-01-31",0,"2021-11-22",TRUE,1097,"nooi",TRUE,1097,0.452,"2025-01-30",NA,FALSE,0,NA,NA,NA,NA,0,0,NA,NA,NA,NA,0,0,"2025-01-30",NA,NA,NA,NA,NA
"135",135,135,135,135,136,"dal",NA,16,18,0.748012199565235,1.90866238876605e-15,17,431,136,"Daenerys","LT","2018-11-28","BD","2023-04-25","2024-09-19",513,"2021-11-28",TRUE,1097,"daen",TRUE,1097,0.724,"2024-04-24",TRUE,TRUE,8,0.158,0.063,"2024-04-15","2024-01-06",18,8,0.13,0.1,"2024-05-06","2024-05-06",20,10,"2024-04-24",9,109,136,136,0.207792207792208
"136",136,136,136,136,137,"geo",NA,6,11,0.337483261419432,0.248215173115953,11,206,137,NA,NA,NA,"LT","2019-03-18","2022-03-18",1096,NA,NA,NA,NA,FALSE,0,NA,"2020-03-17",TRUE,TRUE,1,0.721,NA,"2020-03-10","2020-03-10",2,1,0.659,NA,"2021-12-10","2021-12-10",21,11,"2020-03-17",7,7,98,98,0.230769230769231
"137",137,137,137,137,138,"was",NA,3,3,0.201111111111111,0.130009650625019,3,264,138,NA,NA,NA,"NH","2019-03-18","2020-02-26",345,NA,NA,NA,NA,FALSE,0,NA,"2020-03-17",FALSE,TRUE,1,0.538,0.225,"2019-08-30","2019-08-30",1,1,0.538,0.225,"2019-08-30","2019-08-30",1,1,"2020-03-17",200,200,180,180,0.0681818181818182
"138",138,138,138,138,139,"flu",NA,NA,NA,NA,NA,NA,666,139,NA,NA,NA,"BD","2019-04-30","2023-01-13",1354,NA,NA,NA,NA,FALSE,0,NA,"2020-04-29",TRUE,TRUE,8,0.549,0.488,"2020-03-21","2020-03-07",9,8,0.673,0.655,"2022-11-18","2022-11-18",71,53,"2020-04-29",39,53,56,56,NA
"139",139,139,139,139,140,"kek",NA,12,19,0.20667578077466,0.240901631451817,16,316,140,NA,NA,NA,"AK","2019-05-31","2020-04-18",323,NA,NA,NA,NA,FALSE,0,NA,"2020-05-30",TRUE,TRUE,1,0.53,0,"2020-04-01","2019-09-09",6,1,0.53,0,"2020-04-01","2019-09-09",6,1,"2020-05-30",59,264,17,222,0.413793103448276
"140",140,140,140,140,141,"lip",NA,NA,NA,NA,NA,NA,NA,141,NA,NA,NA,"NH","2019-06-01","2020-08-17",443,NA,NA,NA,NA,FALSE,0,NA,"2020-05-31",TRUE,FALSE,0,NA,NA,NA,NA,0,0,NA,NA,NA,NA,0,0,"2020-05-31",NA,NA,NA,NA,NA
"141",141,141,141,141,142,"oua",NA,23,48,0.606562377283199,0.614854812508094,39,341,142,NA,NA,NA,"NH","2019-06-03","2020-11-30",546,NA,NA,NA,NA,FALSE,0,NA,"2020-06-02",TRUE,TRUE,10,0.712,0.431,"2020-06-02","2020-05-27",28,10,0.954,1,"2020-11-17","2020-11-07",47,23,"2020-06-02",0,6,13,23,0.511111111111111
"142",142,142,142,142,143,"tas",NA,NA,NA,NA,NA,NA,NA,143,NA,NA,NA,"LT","2019-12-04","2021-11-23",720,NA,NA,NA,NA,FALSE,0,NA,"2020-12-03",TRUE,FALSE,0,NA,NA,NA,NA,0,0,NA,NA,NA,NA,0,0,"2020-12-03",NA,NA,NA,NA,NA
"143",143,143,143,143,144,"tam",NA,15,19,0.303454619610309,0.168667037161431,18,504,144,NA,NA,NA,"NH","2020-05-15","2023-03-03",1022,NA,NA,NA,NA,FALSE,0,NA,"2021-05-15",TRUE,TRUE,6,0.113,0.3,"2021-05-10","2021-05-10",10,6,0.255,0.457,"2022-12-14","2022-12-14",35,21,"2021-05-15",5,5,79,79,0.326086956521739
"144",144,144,144,144,145,"utr",NA,12,14,0.177191206179929,0.122299566312495,13,506,145,NA,NA,NA,"NH","2020-06-02","2020-10-15",135,NA,NA,NA,NA,FALSE,0,NA,"2021-06-02",TRUE,TRUE,6,0.492,1,"2021-05-28","2021-05-28",12,6,NA,NA,NA,NA,0,0,"2021-06-02",5,5,NA,NA,0.260869565217391
"145",145,145,145,145,146,"vla",NA,13,14,0.203209475930801,0.124495975925814,14,504,146,NA,NA,NA,"NH","2020-05-28","2021-06-11",379,NA,NA,NA,NA,FALSE,0,NA,"2021-05-28",TRUE,TRUE,8,0.135,0.223,"2021-05-24","2021-05-24",26,8,0.029,0.068,"2021-05-29","2021-05-29",27,9,"2021-05-28",4,4,13,13,0.282608695652174
"146",146,146,146,146,147,"fle",NA,18,27,0.304904816029687,0.207694850094573,21,521,147,NA,NA,NA,"NH","2020-07-31","2021-11-04",461,NA,NA,NA,NA,FALSE,0,NA,"2021-07-31",TRUE,TRUE,16,0.051,0.184,"2021-07-28","2021-07-28",22,16,0.052,0.276,"2021-10-04","2021-10-04",26,19,"2021-07-31",3,3,31,31,0.391304347826087
"147",147,147,147,147,148,"war",NA,19,38,0.364196135278681,0.241168754256824,31,513,148,NA,NA,NA,"NH","2020-09-23","2021-12-20",453,NA,NA,NA,NA,FALSE,0,NA,"2021-09-23",TRUE,TRUE,9,0.171,0.428,"2021-09-20","2021-09-17",20,9,0.243,0.428,"2021-12-16","2021-09-17",22,9,"2021-09-23",3,6,4,94,0.441860465116279
"148",148,148,148,148,149,"mui",NA,NA,NA,NA,NA,NA,NA,149,"Mielies","BD","2020-11-25","PR","2024-01-31","2024-01-31",0,"2023-11-25",TRUE,1096,"miel",TRUE,1096,0.236,"2025-01-30",NA,FALSE,0,NA,NA,NA,NA,0,0,NA,NA,NA,NA,0,0,"2025-01-30",NA,NA,NA,NA,NA
"149",149,149,149,149,150,"sio",NA,22,40,0.400254690896993,0.286932225808323,34,402,150,NA,NA,NA,"NH","2021-01-15","2021-12-22",341,NA,NA,NA,NA,FALSE,0,NA,"2022-01-15",FALSE,TRUE,28,0,0,"2021-11-06","2021-10-27",63,28,0,0,"2021-11-06","2021-10-27",63,28,"2022-01-15",70,80,46,56,0.511627906976744
"150",150,150,150,150,151,"rim",NA,NA,NA,NA,NA,NA,NA,151,"Rabat","NH","2021-01-01","RB","2024-02-02","2024-02-02",0,"2024-01-01",TRUE,1096,"raba",TRUE,1096,0.306,"2025-02-01",NA,FALSE,0,NA,NA,NA,NA,0,0,NA,NA,NA,NA,0,0,"2025-02-01",NA,NA,NA,NA,NA
"151",151,151,151,151,152,"tch",NA,16,21,0.308065031024439,0.277353340086521,19,307,152,NA,NA,NA,"AK","2021-05-11","2022-03-17",310,NA,NA,NA,NA,FALSE,0,NA,"2022-05-11",TRUE,TRUE,6,0.333,1,"2022-02-24","2021-10-09",17,6,0.333,1,"2022-02-24","2021-10-09",17,6,"2022-05-11",76,214,21,159,0.571428571428571
"152",152,152,152,152,153,"buk",NA,16,27,0.294437947381622,0.316486126762924,22,323,153,NA,NA,NA,"AK","2021-05-11","2024-09-09",1217,NA,NA,NA,NA,FALSE,0,NA,"2022-05-11",TRUE,TRUE,4,0.18,0,"2022-05-06","2021-12-21",16,4,0.436,0,"2024-06-05","2024-06-05",106,37,"2022-05-11",5,141,96,96,0.571428571428571
"153",153,153,153,153,154,"oke",NA,15,57,0.452926574828945,0.390808724212845,48,188,154,NA,NA,NA,"KB","2021-05-31","2023-01-28",607,NA,NA,NA,NA,FALSE,0,NA,"2022-05-31",TRUE,TRUE,1,0.513,1,"2022-04-16","2022-01-19",6,1,0.435,1,"2022-12-10","2022-11-26",13,3,"2022-05-31",45,132,49,63,0.75
"154",154,154,154,154,155,"eto",NA,10,16,0.212270555907111,0.205463859282675,14,129,155,NA,NA,NA,"KB","2021-06-02","2021-12-10",191,NA,NA,NA,NA,FALSE,0,NA,"2022-06-02",FALSE,TRUE,1,0.531,0,"2021-12-04","2021-11-29",2,1,0.531,NA,"2021-12-04",NA,2,1,"2022-06-02",180,185,6,NA,0.526315789473684
"155",155,155,155,155,156,"apa",NA,6,11,0.271361819573601,0.355223354786445,9,181,156,NA,NA,NA,"LT","2021-06-04","2022-07-26",417,NA,NA,NA,NA,FALSE,0,NA,"2022-06-04",TRUE,TRUE,3,0.459,0.609,"2021-11-13","2021-11-13",6,3,0.459,0.609,"2021-11-13","2021-11-13",6,3,"2022-06-04",203,203,255,255,0.176470588235294
"156",156,156,156,156,157,"mom",NA,5,10,0.166555755161551,0.203271543455618,10,276,157,NA,NA,NA,"LT","2021-06-04","2022-12-19",563,NA,NA,NA,NA,FALSE,0,NA,"2022-06-04",TRUE,TRUE,3,0.32,0.013,"2022-05-03","2021-11-29",5,3,0.32,0.013,"2022-05-03","2021-11-29",5,3,"2022-06-04",32,187,230,385,0.147058823529412
"157",157,157,157,157,158,"plainjane",NA,NA,NA,NA,NA,NA,NA,158,NA,"CR",NA,"BD","2023-03-01","2024-04-04",400,NA,NA,NA,NA,FALSE,0,NA,"2024-02-29",TRUE,FALSE,0,NA,NA,NA,NA,0,0,NA,NA,NA,NA,0,0,"2024-02-29",NA,NA,NA,NA,NA
"158",158,158,158,158,159,"zan_2015",NA,NA,NA,NA,NA,NA,NA,159,NA,NA,NA,"CR","2015-01-01","2015-02-01",31,NA,NA,NA,NA,FALSE,0,NA,"2016-01-01",FALSE,FALSE,0,NA,NA,NA,NA,0,0,NA,NA,NA,NA,0,0,"2016-01-01",NA,NA,NA,NA,NA
"159",159,159,159,159,160,"hem",NA,NA,NA,NA,NA,NA,NA,160,"Heerlik","BD","2021-11-04","PR","2024-01-31","2024-01-31",0,"2024-11-04",FALSE,1052,"heer",FALSE,1052,0.396,"2025-01-30",NA,FALSE,0,NA,NA,NA,NA,0,0,NA,NA,NA,NA,0,0,"2025-01-30",NA,NA,NA,NA,NA
"160",160,160,160,160,161,"fur",NA,24,53,0.623266751667754,0.571299617746271,45,356,161,NA,NA,NA,"KB","2022-03-19","2023-10-14",574,NA,NA,NA,NA,FALSE,0,NA,"2023-03-19",TRUE,TRUE,3,0.323,0.099,"2022-11-26","2022-11-26",6,3,0.788,0.099,"2023-07-21","2022-11-26",9,3,"2023-03-19",113,113,85,322,1.09090909090909
"161",161,161,161,161,162,"vry",NA,17,22,0.555401848899191,0.422448275934738,18,602,162,NA,NA,NA,"NH","2022-06-10","2024-12-12",916,NA,NA,NA,NA,FALSE,0,NA,"2023-06-10",TRUE,TRUE,23,0.227,0.059,"2023-06-09","2023-06-01",25,23,0.266,0.323,"2024-04-18","2024-03-01",45,35,"2023-06-10",1,9,238,286,0.326923076923077
"162",162,162,162,162,163,"erm",NA,NA,NA,NA,NA,NA,NA,163,NA,NA,NA,"NH","2022-06-16","2022-09-09",85,NA,NA,NA,NA,FALSE,0,NA,"2023-06-16",FALSE,FALSE,0,NA,NA,NA,NA,0,0,NA,NA,NA,NA,0,0,"2023-06-16",NA,NA,NA,NA,NA
"163",163,163,163,163,164,"newmale3",NA,NA,NA,NA,NA,NA,NA,164,NA,NA,NA,"NH","2022-06-16","2022-08-06",51,NA,NA,NA,NA,FALSE,0,NA,"2023-06-16",FALSE,FALSE,0,NA,NA,NA,NA,0,0,NA,NA,NA,NA,0,0,"2023-06-16",NA,NA,NA,NA,NA
"164",164,164,164,164,165,"eiv",NA,NA,NA,NA,NA,NA,18,165,NA,NA,NA,"CR","2022-06-09","2024-04-04",665,NA,NA,NA,NA,FALSE,0,NA,"2023-06-09",TRUE,TRUE,1,0.675,0.596,"2023-06-09","2023-06-09",1,1,0.675,0.596,"2023-06-09","2023-06-09",1,1,"2023-06-09",0,0,300,300,NA
"165",165,165,165,165,166,"rya",NA,NA,NA,NA,NA,NA,NA,166,NA,NA,NA,"LT","2022-06-06","2023-02-01",240,NA,NA,NA,NA,FALSE,0,NA,"2023-06-06",TRUE,FALSE,0,NA,NA,NA,NA,0,0,NA,NA,NA,NA,0,0,"2023-06-06",NA,NA,NA,NA,NA
"166",166,166,166,166,167,"que",NA,18,31,0.508399020481379,0.423441342796581,26,346,167,NA,NA,NA,"KB","2022-05-18","2025-02-27",1016,NA,NA,NA,NA,FALSE,0,NA,"2023-05-18",TRUE,TRUE,5,0.241,0.639,"2023-04-25","2023-04-25",25,5,0.192,0,"2024-08-26","2024-08-26",42,15,"2023-05-18",23,23,185,185,0.75
"167",167,167,167,167,168,"dak",NA,10,10,0.444270327765987,0.28497245723177,8,542,168,NA,NA,NA,"NH","2022-09-10","2023-09-05",360,NA,NA,NA,NA,FALSE,0,NA,"2023-09-10",FALSE,TRUE,3,0.235,0.397,"2023-06-21","2023-06-02",15,3,0.235,0.397,"2023-06-21","2023-06-02",15,3,"2023-09-10",81,100,76,95,0.188679245283019
"168",168,168,168,168,169,"sta",NA,1,1,0.142857142857143,0.0480364565053985,1,159,169,NA,NA,NA,"LT","2022-07-29","2023-12-15",504,NA,NA,NA,NA,FALSE,0,NA,"2023-07-29",TRUE,FALSE,0,0.467,NA,"2023-04-04",NA,4,0,0.467,NA,"2023-04-04",NA,4,0,"2023-07-29",116,NA,255,NA,0.0273972602739726
"169",169,169,169,169,170,"kny",NA,25,27,0.7578291008435,0.445653203496431,21,620,170,NA,NA,NA,"NH","2022-10-17","2025-03-20",885,NA,NA,NA,NA,FALSE,0,NA,"2023-10-17",TRUE,TRUE,5,0.256,0.172,"2023-10-13","2023-08-11",12,5,0.44,0.127,"2025-03-18","2025-03-18",29,13,"2023-10-17",4,67,2,2,0.480769230769231
"170",170,170,170,170,171,"kno",NA,10,11,0.541276555215174,0.418151968819224,10,564,171,NA,NA,NA,"BD","2022-11-07","2024-01-19",438,NA,NA,NA,NA,FALSE,0,NA,"2023-11-07",TRUE,TRUE,9,0.288,0.178,"2023-10-12","2023-06-22",15,9,0.23,0.178,"2023-12-19","2023-06-22",16,9,"2023-11-07",26,138,31,211,0.12987012987013
"171",171,171,171,171,172,"ves",NA,NA,NA,NA,NA,NA,NA,172,NA,NA,NA,"CR","2021-05-25","2022-12-08",562,NA,NA,NA,NA,FALSE,0,NA,"2022-05-25",TRUE,FALSE,0,NA,NA,NA,NA,0,0,NA,NA,NA,NA,0,0,"2022-05-25",NA,NA,NA,NA,NA
"172",172,172,172,172,173,"bob",NA,5,5,0.557575757575758,0.288746067774452,5,381,173,NA,NA,NA,"BD","2023-04-08","2024-01-15",282,NA,NA,NA,NA,FALSE,0,NA,"2024-04-07",FALSE,TRUE,5,0.314,0.224,"2023-12-08","2023-12-08",9,5,0.314,0.224,"2023-12-08","2023-12-08",9,5,"2024-04-07",121,121,38,38,0.0649350649350649
"173",173,173,173,173,174,"cai",NA,9,13,0.520543870135522,0.2999256619595,11,382,174,NA,NA,NA,"NH","2023-03-25","2023-10-31",220,NA,NA,NA,NA,FALSE,0,NA,"2024-03-24",FALSE,TRUE,7,0.287,0.347,"2023-08-11","2023-06-14",14,7,0.287,0.347,"2023-08-11","2023-06-14",14,7,"2024-03-24",226,284,81,139,0.173076923076923
"174",174,174,174,174,175,"hav",NA,12,16,0.65372921326428,0.340295090227134,14,363,175,NA,NA,NA,"NH","2023-03-25","2024-10-25",580,NA,NA,NA,NA,FALSE,0,NA,"2024-03-24",TRUE,TRUE,11,0.121,0.155,"2023-07-27","2023-07-27",16,11,0.121,0.155,"2023-07-27","2023-07-27",16,11,"2024-03-24",241,241,456,456,0.230769230769231
"175",175,175,175,175,176,"san",NA,NA,NA,NA,NA,NA,7,176,NA,NA,NA,"IF","2023-04-10","2023-08-04",116,NA,NA,NA,NA,FALSE,0,NA,"2024-04-09",TRUE,TRUE,2,0.672,0.471,"2023-05-11","2023-05-11",2,2,0.672,0.471,"2023-05-11","2023-05-11",2,2,"2024-04-09",334,334,85,85,NA
"176",176,176,176,176,177,"tho",NA,NA,NA,NA,NA,NA,NA,177,NA,NA,NA,"IF","2023-04-14","2023-08-04",112,NA,NA,NA,NA,FALSE,0,NA,"2024-04-13",FALSE,FALSE,0,NA,NA,NA,NA,0,0,NA,NA,NA,NA,0,0,"2024-04-13",NA,NA,NA,NA,NA
"177",177,177,177,177,178,"tot",NA,16,19,0.907248348934982,8.76008633104732e-14,16,386,178,NA,NA,NA,"BD","2023-04-14","2024-01-23",284,NA,NA,NA,NA,FALSE,0,NA,"2024-04-13",FALSE,TRUE,5,0.21,0.159,"2024-01-15","2023-12-08",10,5,0.21,0.159,"2024-01-15","2023-12-08",10,5,"2024-04-13",89,127,8,46,0.207792207792208
"178",178,178,178,178,179,"win",NA,4,4,0.296918767507003,0.408778325334537,4,313,179,NA,NA,NA,"BD","2023-04-15","2023-12-23",252,NA,NA,NA,NA,FALSE,0,NA,"2024-04-14",TRUE,TRUE,5,0.29,0.164,"2023-11-21","2023-06-29",6,5,0.29,0.164,"2023-11-21","2023-06-29",6,5,"2024-04-14",145,290,32,177,0.051948051948052
"179",179,179,179,179,180,"bra",NA,3,3,0.355555555555556,0,3,449,180,NA,NA,NA,"BD","2023-04-17","2024-11-25",588,NA,NA,NA,NA,FALSE,0,NA,"2024-04-16",TRUE,TRUE,6,0.181,0.481,"2024-04-16","2023-12-08",11,6,0.626,1,"2024-11-20","2024-11-20",25,15,"2024-04-16",0,130,5,5,0.038961038961039
"180",180,180,180,180,181,"boo",NA,19,21,0.904934457337203,0.694494147927577,17,431,181,NA,NA,NA,"BD","2023-07-15","2025-05-22",677,NA,NA,NA,NA,FALSE,0,NA,"2024-07-14",TRUE,TRUE,8,0.393,0.545,"2024-07-08","2024-07-08",15,8,0.426,0.678,"2025-04-01","2025-04-01",20,12,"2024-07-14",6,6,51,51,0.26027397260274
"181",181,181,181,181,182,"ush",NA,NA,NA,NA,NA,NA,NA,182,NA,NA,NA,"RB","2024-02-02","2024-02-02",0,NA,NA,NA,NA,FALSE,0,NA,"2025-02-01",NA,FALSE,0,NA,NA,NA,NA,0,0,NA,NA,NA,NA,0,0,"2025-02-01",NA,NA,NA,NA,NA
"182",182,182,182,182,183,"oti",NA,2,2,0.583333333333333,0.0340776241326635,2,49,183,NA,NA,NA,"KB","2024-04-11","2025-04-01",355,NA,NA,NA,NA,FALSE,0,NA,"2025-04-11",FALSE,FALSE,0,0.648,NA,"2024-10-15",NA,2,0,0.648,NA,"2024-10-15",NA,2,0,"2025-04-11",178,NA,168,NA,0.0833333333333333
"183",183,183,183,183,184,"map",NA,NA,NA,NA,NA,NA,NA,184,NA,NA,NA,"NH","2024-04-30","2024-07-12",73,NA,NA,NA,NA,FALSE,0,NA,"2025-04-30",FALSE,FALSE,0,NA,NA,NA,NA,0,0,NA,NA,NA,NA,0,0,"2025-04-30",NA,NA,NA,NA,NA
"184",184,184,184,184,185,"lop",NA,NA,NA,NA,NA,NA,NA,185,NA,NA,NA,"BD","2025-05-05","2025-05-13",8,NA,NA,NA,NA,FALSE,0,NA,"2026-05-05",NA,FALSE,0,NA,NA,NA,NA,0,0,NA,NA,NA,NA,0,0,"2026-05-05",NA,NA,NA,NA,NA
"185",185,185,185,185,186,"san_2011",NA,NA,NA,NA,NA,NA,119,186,NA,NA,NA,"AK","2011-01-18","2012-12-14",696,NA,NA,NA,NA,FALSE,0,NA,"2012-01-18",TRUE,TRUE,4,0.648,0.685,"2011-12-15","2011-12-15",12,4,0.855,1,"2012-11-09","2012-11-09",34,23,"2012-01-18",34,34,35,35,NA
